[     131ms] [LOG] [Fast Refresh] rebuilding @ http://localhost:3000/_next/static/chunks/node_modules_next_dist_f3530cac._.js:2297
[     990ms] [LOG] [Fast Refresh] done in 972ms @ http://localhost:3000/_next/static/chunks/node_modules_next_dist_f3530cac._.js:2297
[    1447ms] [INFO] %cDownload the React DevTools for a better development experience: https://react.dev/link/react-devtools font-weight:bold @ http://localhost:3000/_next/static/chunks/node_modules_next_dist_f3530cac._.js:2297
[    1519ms] [LOG] [HMR] connected @ http://localhost:3000/_next/static/chunks/node_modules_next_dist_f3530cac._.js:2297
[    1927ms] [LOG] [Fast Refresh] rebuilding @ http://localhost:3000/_next/static/chunks/node_modules_next_dist_f3530cac._.js:2297
[    2042ms] [WARNING] The width(-1) and height(-1) of chart should be greater than 0,
       please check the style of container, or the props width(100%) and height(100%),
       or add a minWidth(0) or minHeight(undefined) or use aspect(undefined) to control the
       height and width. @ http://localhost:3000/_next/static/chunks/node_modules_next_dist_f3530cac._.js:2297
[    2043ms] [WARNING] The width(-1) and height(-1) of chart should be greater than 0,
       please check the style of container, or the props width(100%) and height(100%),
       or add a minWidth(0) or minHeight(undefined) or use aspect(undefined) to control the
       height and width. @ http://localhost:3000/_next/static/chunks/node_modules_next_dist_f3530cac._.js:2297
[    2068ms] [WARNING] The width(-1) and height(-1) of chart should be greater than 0,
       please check the style of container, or the props width(100%) and height(100%),
       or add a minWidth(0) or minHeight(undefined) or use aspect(undefined) to control the
       height and width. @ http://localhost:3000/_next/static/chunks/node_modules_next_dist_f3530cac._.js:2297
[    2068ms] [WARNING] The width(-1) and height(-1) of chart should be greater than 0,
       please check the style of container, or the props width(100%) and height(100%),
       or add a minWidth(0) or minHeight(undefined) or use aspect(undefined) to control the
       height and width. @ http://localhost:3000/_next/static/chunks/node_modules_next_dist_f3530cac._.js:2297
[    2103ms] [WARNING] The width(-1) and height(-1) of chart should be greater than 0,
       please check the style of container, or the props width(100%) and height(100%),
       or add a minWidth(0) or minHeight(undefined) or use aspect(undefined) to control the
       height and width. @ http://localhost:3000/_next/static/chunks/node_modules_next_dist_f3530cac._.js:2297
[    2104ms] [WARNING] The width(-1) and height(-1) of chart should be greater than 0,
       please check the style of container, or the props width(100%) and height(100%),
       or add a minWidth(0) or minHeight(undefined) or use aspect(undefined) to control the
       height and width. @ http://localhost:3000/_next/static/chunks/node_modules_next_dist_f3530cac._.js:2297
[    2945ms] [LOG] [Fast Refresh] done in 1122ms @ http://localhost:3000/_next/static/chunks/node_modules_next_dist_f3530cac._.js:2297
[  144181ms] [WARNING] The width(-1) and height(-1) of chart should be greater than 0,
       please check the style of container, or the props width(100%) and height(100%),
       or add a minWidth(0) or minHeight(undefined) or use aspect(undefined) to control the
       height and width. @ http://localhost:3000/_next/static/chunks/node_modules_next_dist_f3530cac._.js:2297
[  144182ms] [WARNING] The width(-1) and height(-1) of chart should be greater than 0,
       please check the style of container, or the props width(100%) and height(100%),
       or add a minWidth(0) or minHeight(undefined) or use aspect(undefined) to control the
       height and width. @ http://localhost:3000/_next/static/chunks/node_modules_next_dist_f3530cac._.js:2297
[  147400ms] [WARNING] The width(-1) and height(-1) of chart should be greater than 0,
       please check the style of container, or the props width(100%) and height(100%),
       or add a minWidth(0) or minHeight(undefined) or use aspect(undefined) to control the
       height and width. @ http://localhost:3000/_next/static/chunks/node_modules_next_dist_f3530cac._.js:2297
[  147402ms] [WARNING] The width(-1) and height(-1) of chart should be greater than 0,
       please check the style of container, or the props width(100%) and height(100%),
       or add a minWidth(0) or minHeight(undefined) or use aspect(undefined) to control the
       height and width. @ http://localhost:3000/_next/static/chunks/node_modules_next_dist_f3530cac._.js:2297
[  149005ms] [LOG] [Fast Refresh] rebuilding @ http://localhost:3000/_next/static/chunks/node_modules_next_dist_f3530cac._.js:2297
[  149909ms] [ERROR] ./app/dashboard/components/MonthlyAreaChart.tsx:145:1
Parsing ecmascript source code failed
  143 |     </div>
  144 |   );
> 145 | }
      | ^
  146 |

Unexpected token. Did you mean `{'}'}` or `&rbrace;`?

Import traces:
  Client Component Browser:
    ./app/dashboard/components/MonthlyAreaChart.tsx [Client Component Browser]
    ./app/dashboard/page.tsx [Client Component Browser]
    ./app/dashboard/page.tsx [Server Component]

  Client Component SSR:
    ./app/dashboard/components/MonthlyAreaChart.tsx [Client Component SSR]
    ./app/dashboard/page.tsx [Client Component SSR]
    ./app/dashboard/page.tsx [Server Component] @ http://localhost:3000/_next/static/chunks/node_modules_next_dist_f3530cac._.js:3127
[  150054ms] [ERROR] ./app/dashboard/components/MonthlyAreaChart.tsx:145:1
Parsing ecmascript source code failed
  143 |     </div>
  144 |   );
> 145 | }
      | ^
  146 |

Unexpected token. Did you mean `{'}'}` or `&rbrace;`?

Import traces:
  Client Component Browser:
    ./app/dashboard/components/MonthlyAreaChart.tsx [Client Component Browser]
    ./app/dashboard/page.tsx [Client Component Browser]
    ./app/dashboard/page.tsx [Server Component]

  Client Component SSR:
    ./app/dashboard/components/MonthlyAreaChart.tsx [Client Component SSR]
    ./app/dashboard/page.tsx [Client Component SSR]
    ./app/dashboard/page.tsx [Server Component] @ http://localhost:3000/_next/static/chunks/node_modules_next_dist_f3530cac._.js:3127
[  150138ms] [ERROR] ./app/dashboard/components/MonthlyAreaChart.tsx:145:1
Parsing ecmascript source code failed
  143 |     </div>
  144 |   );
> 145 | }
      | ^
  146 |

Unexpected token. Did you mean `{'}'}` or `&rbrace;`?

Import traces:
  Client Component Browser:
    ./app/dashboard/components/MonthlyAreaChart.tsx [Client Component Browser]
    ./app/dashboard/page.tsx [Client Component Browser]
    ./app/dashboard/page.tsx [Server Component]

  Client Component SSR:
    ./app/dashboard/components/MonthlyAreaChart.tsx [Client Component SSR]
    ./app/dashboard/page.tsx [Client Component SSR]
    ./app/dashboard/page.tsx [Server Component] @ http://localhost:3000/_next/static/chunks/node_modules_next_dist_f3530cac._.js:3127
[  150181ms] [LOG] [Fast Refresh] rebuilding @ http://localhost:3000/_next/static/chunks/node_modules_next_dist_f3530cac._.js:2297
[  150270ms] [ERROR] ./app/dashboard/components/MonthlyAreaChart.tsx:145:1
Parsing ecmascript source code failed
  143 |     </div>
  144 |   );
> 145 | }
      | ^
  146 |

Unexpected token. Did you mean `{'}'}` or `&rbrace;`?

Import traces:
  Client Component Browser:
    ./app/dashboard/components/MonthlyAreaChart.tsx [Client Component Browser]
    ./app/dashboard/page.tsx [Client Component Browser]
    ./app/dashboard/page.tsx [Server Component]

  Client Component SSR:
    ./app/dashboard/components/MonthlyAreaChart.tsx [Client Component SSR]
    ./app/dashboard/page.tsx [Client Component SSR]
    ./app/dashboard/page.tsx [Server Component] @ http://localhost:3000/_next/static/chunks/node_modules_next_dist_f3530cac._.js:3127
[  150341ms] [ERROR] ./app/dashboard/components/MonthlyAreaChart.tsx:145:1
Parsing ecmascript source code failed
  143 |     </div>
  144 |   );
> 145 | }
      | ^
  146 |

Unexpected token. Did you mean `{'}'}` or `&rbrace;`?

Import traces:
  Client Component Browser:
    ./app/dashboard/components/MonthlyAreaChart.tsx [Client Component Browser]
    ./app/dashboard/page.tsx [Client Component Browser]
    ./app/dashboard/page.tsx [Server Component]

  Client Component SSR:
    ./app/dashboard/components/MonthlyAreaChart.tsx [Client Component SSR]
    ./app/dashboard/page.tsx [Client Component SSR]
    ./app/dashboard/page.tsx [Server Component] @ http://localhost:3000/_next/static/chunks/node_modules_next_dist_f3530cac._.js:3127
[  150480ms] [LOG] [Fast Refresh] rebuilding @ http://localhost:3000/_next/static/chunks/node_modules_next_dist_f3530cac._.js:2297
[  150536ms] [ERROR] ./app/dashboard/components/MonthlyAreaChart.tsx:145:1
Parsing ecmascript source code failed
  143 |     </div>
  144 |   );
> 145 | }
      | ^
  146 |

Unexpected token. Did you mean `{'}'}` or `&rbrace;`?

Import traces:
  Client Component Browser:
    ./app/dashboard/components/MonthlyAreaChart.tsx [Client Component Browser]
    ./app/dashboard/page.tsx [Client Component Browser]
    ./app/dashboard/page.tsx [Server Component]

  Client Component SSR:
    ./app/dashboard/components/MonthlyAreaChart.tsx [Client Component SSR]
    ./app/dashboard/page.tsx [Client Component SSR]
    ./app/dashboard/page.tsx [Server Component] @ http://localhost:3000/_next/static/chunks/node_modules_next_dist_f3530cac._.js:3127
[  150583ms] [ERROR] ./app/dashboard/components/MonthlyAreaChart.tsx:145:1
Parsing ecmascript source code failed
  143 |     </div>
  144 |   );
> 145 | }
      | ^
  146 |

Unexpected token. Did you mean `{'}'}` or `&rbrace;`?

Import traces:
  Client Component Browser:
    ./app/dashboard/components/MonthlyAreaChart.tsx [Client Component Browser]
    ./app/dashboard/page.tsx [Client Component Browser]
    ./app/dashboard/page.tsx [Server Component]

  Client Component SSR:
    ./app/dashboard/components/MonthlyAreaChart.tsx [Client Component SSR]
    ./app/dashboard/page.tsx [Client Component SSR]
    ./app/dashboard/page.tsx [Server Component] @ http://localhost:3000/_next/static/chunks/node_modules_next_dist_f3530cac._.js:3127
[  150660ms] [ERROR] ./app/dashboard/components/MonthlyAreaChart.tsx:145:1
Parsing ecmascript source code failed
  143 |     </div>
  144 |   );
> 145 | }
      | ^
  146 |

Unexpected token. Did you mean `{'}'}` or `&rbrace;`?

Import traces:
  Client Component Browser:
    ./app/dashboard/components/MonthlyAreaChart.tsx [Client Component Browser]
    ./app/dashboard/page.tsx [Client Component Browser]
    ./app/dashboard/page.tsx [Server Component]

  Client Component SSR:
    ./app/dashboard/components/MonthlyAreaChart.tsx [Client Component SSR]
    ./app/dashboard/page.tsx [Client Component SSR]
    ./app/dashboard/page.tsx [Server Component] @ http://localhost:3000/_next/static/chunks/node_modules_next_dist_f3530cac._.js:3127
[  150706ms] [ERROR] ./app/dashboard/components/MonthlyAreaChart.tsx:145:1
Parsing ecmascript source code failed
  143 |     </div>
  144 |   );
> 145 | }
      | ^
  146 |

Unexpected token. Did you mean `{'}'}` or `&rbrace;`?

Import traces:
  Client Component Browser:
    ./app/dashboard/components/MonthlyAreaChart.tsx [Client Component Browser]
    ./app/dashboard/page.tsx [Client Component Browser]
    ./app/dashboard/page.tsx [Server Component]

  Client Component SSR:
    ./app/dashboard/components/MonthlyAreaChart.tsx [Client Component SSR]
    ./app/dashboard/page.tsx [Client Component SSR]
    ./app/dashboard/page.tsx [Server Component] @ http://localhost:3000/_next/static/chunks/node_modules_next_dist_f3530cac._.js:3127
[  150757ms] [ERROR] ./app/dashboard/components/MonthlyAreaChart.tsx:145:1
Parsing ecmascript source code failed
  143 |     </div>
  144 |   );
> 145 | }
      | ^
  146 |

Unexpected token. Did you mean `{'}'}` or `&rbrace;`?

Import traces:
  Client Component Browser:
    ./app/dashboard/components/MonthlyAreaChart.tsx [Client Component Browser]
    ./app/dashboard/page.tsx [Client Component Browser]
    ./app/dashboard/page.tsx [Server Component]

  Client Component SSR:
    ./app/dashboard/components/MonthlyAreaChart.tsx [Client Component SSR]
    ./app/dashboard/page.tsx [Client Component SSR]
    ./app/dashboard/page.tsx [Server Component] @ http://localhost:3000/_next/static/chunks/node_modules_next_dist_f3530cac._.js:3127
[  150866ms] [LOG] [Fast Refresh] rebuilding @ http://localhost:3000/_next/static/chunks/node_modules_next_dist_f3530cac._.js:2297
[  150916ms] [ERROR] ./app/dashboard/components/MonthlyAreaChart.tsx:145:1
Parsing ecmascript source code failed
  143 |     </div>
  144 |   );
> 145 | }
      | ^
  146 |

Unexpected token. Did you mean `{'}'}` or `&rbrace;`?

Import traces:
  Client Component Browser:
    ./app/dashboard/components/MonthlyAreaChart.tsx [Client Component Browser]
    ./app/dashboard/page.tsx [Client Component Browser]
    ./app/dashboard/page.tsx [Server Component]

  Client Component SSR:
    ./app/dashboard/components/MonthlyAreaChart.tsx [Client Component SSR]
    ./app/dashboard/page.tsx [Client Component SSR]
    ./app/dashboard/page.tsx [Server Component] @ http://localhost:3000/_next/static/chunks/node_modules_next_dist_f3530cac._.js:3127
[  150951ms] [ERROR] ./app/dashboard/components/MonthlyAreaChart.tsx:145:1
Parsing ecmascript source code failed
  143 |     </div>
  144 |   );
> 145 | }
      | ^
  146 |

Unexpected token. Did you mean `{'}'}` or `&rbrace;`?

Import traces:
  Client Component Browser:
    ./app/dashboard/components/MonthlyAreaChart.tsx [Client Component Browser]
    ./app/dashboard/page.tsx [Client Component Browser]
    ./app/dashboard/page.tsx [Server Component]

  Client Component SSR:
    ./app/dashboard/components/MonthlyAreaChart.tsx [Client Component SSR]
    ./app/dashboard/page.tsx [Client Component SSR]
    ./app/dashboard/page.tsx [Server Component] @ http://localhost:3000/_next/static/chunks/node_modules_next_dist_f3530cac._.js:3127
[  151000ms] [ERROR] ./app/dashboard/components/MonthlyAreaChart.tsx:145:1
Parsing ecmascript source code failed
  143 |     </div>
  144 |   );
> 145 | }
      | ^
  146 |

Unexpected token. Did you mean `{'}'}` or `&rbrace;`?

Import traces:
  Client Component Browser:
    ./app/dashboard/components/MonthlyAreaChart.tsx [Client Component Browser]
    ./app/dashboard/page.tsx [Client Component Browser]
    ./app/dashboard/page.tsx [Server Component]

  Client Component SSR:
    ./app/dashboard/components/MonthlyAreaChart.tsx [Client Component SSR]
    ./app/dashboard/page.tsx [Client Component SSR]
    ./app/dashboard/page.tsx [Server Component] @ http://localhost:3000/_next/static/chunks/node_modules_next_dist_f3530cac._.js:3127
[  151071ms] [ERROR] ./app/dashboard/components/MonthlyAreaChart.tsx:145:1
Parsing ecmascript source code failed
  143 |     </div>
  144 |   );
> 145 | }
      | ^
  146 |

Unexpected token. Did you mean `{'}'}` or `&rbrace;`?

Import traces:
  Client Component Browser:
    ./app/dashboard/components/MonthlyAreaChart.tsx [Client Component Browser]
    ./app/dashboard/page.tsx [Client Component Browser]
    ./app/dashboard/page.tsx [Server Component]

  Client Component SSR:
    ./app/dashboard/components/MonthlyAreaChart.tsx [Client Component SSR]
    ./app/dashboard/page.tsx [Client Component SSR]
    ./app/dashboard/page.tsx [Server Component] @ http://localhost:3000/_next/static/chunks/node_modules_next_dist_f3530cac._.js:3127
[  151146ms] [ERROR] ./app/dashboard/components/MonthlyAreaChart.tsx:145:1
Parsing ecmascript source code failed
  143 |     </div>
  144 |   );
> 145 | }
      | ^
  146 |

Unexpected token. Did you mean `{'}'}` or `&rbrace;`?

Import traces:
  Client Component Browser:
    ./app/dashboard/components/MonthlyAreaChart.tsx [Client Component Browser]
    ./app/dashboard/page.tsx [Client Component Browser]
    ./app/dashboard/page.tsx [Server Component]

  Client Component SSR:
    ./app/dashboard/components/MonthlyAreaChart.tsx [Client Component SSR]
    ./app/dashboard/page.tsx [Client Component SSR]
    ./app/dashboard/page.tsx [Server Component] @ http://localhost:3000/_next/static/chunks/node_modules_next_dist_f3530cac._.js:3127
[  151218ms] [ERROR] ./app/dashboard/components/MonthlyAreaChart.tsx:145:1
Parsing ecmascript source code failed
  143 |     </div>
  144 |   );
> 145 | }
      | ^
  146 |

Unexpected token. Did you mean `{'}'}` or `&rbrace;`?

Import traces:
  Client Component Browser:
    ./app/dashboard/components/MonthlyAreaChart.tsx [Client Component Browser]
    ./app/dashboard/page.tsx [Client Component Browser]
    ./app/dashboard/page.tsx [Server Component]

  Client Component SSR:
    ./app/dashboard/components/MonthlyAreaChart.tsx [Client Component SSR]
    ./app/dashboard/page.tsx [Client Component SSR]
    ./app/dashboard/page.tsx [Server Component] @ http://localhost:3000/_next/static/chunks/node_modules_next_dist_f3530cac._.js:3127
[  151303ms] [ERROR] ./app/dashboard/components/MonthlyAreaChart.tsx:145:1
Parsing ecmascript source code failed
  143 |     </div>
  144 |   );
> 145 | }
      | ^
  146 |

Unexpected token. Did you mean `{'}'}` or `&rbrace;`?

Import traces:
  Client Component Browser:
    ./app/dashboard/components/MonthlyAreaChart.tsx [Client Component Browser]
    ./app/dashboard/page.tsx [Client Component Browser]
    ./app/dashboard/page.tsx [Server Component]

  Client Component SSR:
    ./app/dashboard/components/MonthlyAreaChart.tsx [Client Component SSR]
    ./app/dashboard/page.tsx [Client Component SSR]
    ./app/dashboard/page.tsx [Server Component] @ http://localhost:3000/_next/static/chunks/node_modules_next_dist_f3530cac._.js:3127
[  151401ms] [ERROR] ./app/dashboard/components/MonthlyAreaChart.tsx:145:1
Parsing ecmascript source code failed
  143 |     </div>
  144 |   );
> 145 | }
      | ^
  146 |

Unexpected token. Did you mean `{'}'}` or `&rbrace;`?

Import traces:
  Client Component Browser:
    ./app/dashboard/components/MonthlyAreaChart.tsx [Client Component Browser]
    ./app/dashboard/page.tsx [Client Component Browser]
    ./app/dashboard/page.tsx [Server Component]

  Client Component SSR:
    ./app/dashboard/components/MonthlyAreaChart.tsx [Client Component SSR]
    ./app/dashboard/page.tsx [Client Component SSR]
    ./app/dashboard/page.tsx [Server Component] @ http://localhost:3000/_next/static/chunks/node_modules_next_dist_f3530cac._.js:3127
[  151471ms] [ERROR] ./app/dashboard/components/MonthlyAreaChart.tsx:145:1
Parsing ecmascript source code failed
  143 |     </div>
  144 |   );
> 145 | }
      | ^
  146 |

Unexpected token. Did you mean `{'}'}` or `&rbrace;`?

Import traces:
  Client Component Browser:
    ./app/dashboard/components/MonthlyAreaChart.tsx [Client Component Browser]
    ./app/dashboard/page.tsx [Client Component Browser]
    ./app/dashboard/page.tsx [Server Component]

  Client Component SSR:
    ./app/dashboard/components/MonthlyAreaChart.tsx [Client Component SSR]
    ./app/dashboard/page.tsx [Client Component SSR]
    ./app/dashboard/page.tsx [Server Component] @ http://localhost:3000/_next/static/chunks/node_modules_next_dist_f3530cac._.js:3127
[  151584ms] [ERROR] ./app/dashboard/components/MonthlyAreaChart.tsx:145:1
Parsing ecmascript source code failed
  143 |     </div>
  144 |   );
> 145 | }
      | ^
  146 |

Unexpected token. Did you mean `{'}'}` or `&rbrace;`?

Import traces:
  Client Component Browser:
    ./app/dashboard/components/MonthlyAreaChart.tsx [Client Component Browser]
    ./app/dashboard/page.tsx [Client Component Browser]
    ./app/dashboard/page.tsx [Server Component]

  Client Component SSR:
    ./app/dashboard/components/MonthlyAreaChart.tsx [Client Component SSR]
    ./app/dashboard/page.tsx [Client Component SSR]
    ./app/dashboard/page.tsx [Server Component] @ http://localhost:3000/_next/static/chunks/node_modules_next_dist_f3530cac._.js:3127
[  151654ms] [ERROR] ./app/dashboard/components/MonthlyAreaChart.tsx:145:1
Parsing ecmascript source code failed
  143 |     </div>
  144 |   );
> 145 | }
      | ^
  146 |

Unexpected token. Did you mean `{'}'}` or `&rbrace;`?

Import traces:
  Client Component Browser:
    ./app/dashboard/components/MonthlyAreaChart.tsx [Client Component Browser]
    ./app/dashboard/page.tsx [Client Component Browser]
    ./app/dashboard/page.tsx [Server Component]

  Client Component SSR:
    ./app/dashboard/components/MonthlyAreaChart.tsx [Client Component SSR]
    ./app/dashboard/page.tsx [Client Component SSR]
    ./app/dashboard/page.tsx [Server Component] @ http://localhost:3000/_next/static/chunks/node_modules_next_dist_f3530cac._.js:3127
[  151718ms] [ERROR] ./app/dashboard/components/MonthlyAreaChart.tsx:145:1
Parsing ecmascript source code failed
  143 |     </div>
  144 |   );
> 145 | }
      | ^
  146 |

Unexpected token. Did you mean `{'}'}` or `&rbrace;`?

Import traces:
  Client Component Browser:
    ./app/dashboard/components/MonthlyAreaChart.tsx [Client Component Browser]
    ./app/dashboard/page.tsx [Client Component Browser]
    ./app/dashboard/page.tsx [Server Component]

  Client Component SSR:
    ./app/dashboard/components/MonthlyAreaChart.tsx [Client Component SSR]
    ./app/dashboard/page.tsx [Client Component SSR]
    ./app/dashboard/page.tsx [Server Component] @ http://localhost:3000/_next/static/chunks/node_modules_next_dist_f3530cac._.js:3127
[  151785ms] [ERROR] ./app/dashboard/components/MonthlyAreaChart.tsx:145:1
Parsing ecmascript source code failed
  143 |     </div>
  144 |   );
> 145 | }
      | ^
  146 |

Unexpected token. Did you mean `{'}'}` or `&rbrace;`?

Import traces:
  Client Component Browser:
    ./app/dashboard/components/MonthlyAreaChart.tsx [Client Component Browser]
    ./app/dashboard/page.tsx [Client Component Browser]
    ./app/dashboard/page.tsx [Server Component]

  Client Component SSR:
    ./app/dashboard/components/MonthlyAreaChart.tsx [Client Component SSR]
    ./app/dashboard/page.tsx [Client Component SSR]
    ./app/dashboard/page.tsx [Server Component] @ http://localhost:3000/_next/static/chunks/node_modules_next_dist_f3530cac._.js:3127
[  151865ms] [ERROR] ./app/dashboard/components/MonthlyAreaChart.tsx:145:1
Parsing ecmascript source code failed
  143 |     </div>
  144 |   );
> 145 | }
      | ^
  146 |

Unexpected token. Did you mean `{'}'}` or `&rbrace;`?

Import traces:
  Client Component Browser:
    ./app/dashboard/components/MonthlyAreaChart.tsx [Client Component Browser]
    ./app/dashboard/page.tsx [Client Component Browser]
    ./app/dashboard/page.tsx [Server Component]

  Client Component SSR:
    ./app/dashboard/components/MonthlyAreaChart.tsx [Client Component SSR]
    ./app/dashboard/page.tsx [Client Component SSR]
    ./app/dashboard/page.tsx [Server Component] @ http://localhost:3000/_next/static/chunks/node_modules_next_dist_f3530cac._.js:3127
[  151934ms] [ERROR] ./app/dashboard/components/MonthlyAreaChart.tsx:145:1
Parsing ecmascript source code failed
  143 |     </div>
  144 |   );
> 145 | }
      | ^
  146 |

Unexpected token. Did you mean `{'}'}` or `&rbrace;`?

Import traces:
  Client Component Browser:
    ./app/dashboard/components/MonthlyAreaChart.tsx [Client Component Browser]
    ./app/dashboard/page.tsx [Client Component Browser]
    ./app/dashboard/page.tsx [Server Component]

  Client Component SSR:
    ./app/dashboard/components/MonthlyAreaChart.tsx [Client Component SSR]
    ./app/dashboard/page.tsx [Client Component SSR]
    ./app/dashboard/page.tsx [Server Component] @ http://localhost:3000/_next/static/chunks/node_modules_next_dist_f3530cac._.js:3127
[  152002ms] [ERROR] ./app/dashboard/components/MonthlyAreaChart.tsx:145:1
Parsing ecmascript source code failed
  143 |     </div>
  144 |   );
> 145 | }
      | ^
  146 |

Unexpected token. Did you mean `{'}'}` or `&rbrace;`?

Import traces:
  Client Component Browser:
    ./app/dashboard/components/MonthlyAreaChart.tsx [Client Component Browser]
    ./app/dashboard/page.tsx [Client Component Browser]
    ./app/dashboard/page.tsx [Server Component]

  Client Component SSR:
    ./app/dashboard/components/MonthlyAreaChart.tsx [Client Component SSR]
    ./app/dashboard/page.tsx [Client Component SSR]
    ./app/dashboard/page.tsx [Server Component] @ http://localhost:3000/_next/static/chunks/node_modules_next_dist_f3530cac._.js:3127
[  152068ms] [ERROR] ./app/dashboard/components/MonthlyAreaChart.tsx:145:1
Parsing ecmascript source code failed
  143 |     </div>
  144 |   );
> 145 | }
      | ^
  146 |

Unexpected token. Did you mean `{'}'}` or `&rbrace;`?

Import traces:
  Client Component Browser:
    ./app/dashboard/components/MonthlyAreaChart.tsx [Client Component Browser]
    ./app/dashboard/page.tsx [Client Component Browser]
    ./app/dashboard/page.tsx [Server Component]

  Client Component SSR:
    ./app/dashboard/components/MonthlyAreaChart.tsx [Client Component SSR]
    ./app/dashboard/page.tsx [Client Component SSR]
    ./app/dashboard/page.tsx [Server Component] @ http://localhost:3000/_next/static/chunks/node_modules_next_dist_f3530cac._.js:3127
[  152122ms] [ERROR] ./app/dashboard/components/MonthlyAreaChart.tsx:145:1
Parsing ecmascript source code failed
  143 |     </div>
  144 |   );
> 145 | }
      | ^
  146 |

Unexpected token. Did you mean `{'}'}` or `&rbrace;`?

Import traces:
  Client Component Browser:
    ./app/dashboard/components/MonthlyAreaChart.tsx [Client Component Browser]
    ./app/dashboard/page.tsx [Client Component Browser]
    ./app/dashboard/page.tsx [Server Component]

  Client Component SSR:
    ./app/dashboard/components/MonthlyAreaChart.tsx [Client Component SSR]
    ./app/dashboard/page.tsx [Client Component SSR]
    ./app/dashboard/page.tsx [Server Component] @ http://localhost:3000/_next/static/chunks/node_modules_next_dist_f3530cac._.js:3127
[  152194ms] [ERROR] ./app/dashboard/components/MonthlyAreaChart.tsx:145:1
Parsing ecmascript source code failed
  143 |     </div>
  144 |   );
> 145 | }
      | ^
  146 |

Unexpected token. Did you mean `{'}'}` or `&rbrace;`?

Import traces:
  Client Component Browser:
    ./app/dashboard/components/MonthlyAreaChart.tsx [Client Component Browser]
    ./app/dashboard/page.tsx [Client Component Browser]
    ./app/dashboard/page.tsx [Server Component]

  Client Component SSR:
    ./app/dashboard/components/MonthlyAreaChart.tsx [Client Component SSR]
    ./app/dashboard/page.tsx [Client Component SSR]
    ./app/dashboard/page.tsx [Server Component] @ http://localhost:3000/_next/static/chunks/node_modules_next_dist_f3530cac._.js:3127
[  152270ms] [ERROR] ./app/dashboard/components/MonthlyAreaChart.tsx:145:1
Parsing ecmascript source code failed
  143 |     </div>
  144 |   );
> 145 | }
      | ^
  146 |

Unexpected token. Did you mean `{'}'}` or `&rbrace;`?

Import traces:
  Client Component Browser:
    ./app/dashboard/components/MonthlyAreaChart.tsx [Client Component Browser]
    ./app/dashboard/page.tsx [Client Component Browser]
    ./app/dashboard/page.tsx [Server Component]

  Client Component SSR:
    ./app/dashboard/components/MonthlyAreaChart.tsx [Client Component SSR]
    ./app/dashboard/page.tsx [Client Component SSR]
    ./app/dashboard/page.tsx [Server Component] @ http://localhost:3000/_next/static/chunks/node_modules_next_dist_f3530cac._.js:3127
[  152350ms] [ERROR] ./app/dashboard/components/MonthlyAreaChart.tsx:145:1
Parsing ecmascript source code failed
  143 |     </div>
  144 |   );
> 145 | }
      | ^
  146 |

Unexpected token. Did you mean `{'}'}` or `&rbrace;`?

Import traces:
  Client Component Browser:
    ./app/dashboard/components/MonthlyAreaChart.tsx [Client Component Browser]
    ./app/dashboard/page.tsx [Client Component Browser]
    ./app/dashboard/page.tsx [Server Component]

  Client Component SSR:
    ./app/dashboard/components/MonthlyAreaChart.tsx [Client Component SSR]
    ./app/dashboard/page.tsx [Client Component SSR]
    ./app/dashboard/page.tsx [Server Component] @ http://localhost:3000/_next/static/chunks/node_modules_next_dist_f3530cac._.js:3127
[  152427ms] [ERROR] ./app/dashboard/components/MonthlyAreaChart.tsx:145:1
Parsing ecmascript source code failed
  143 |     </div>
  144 |   );
> 145 | }
      | ^
  146 |

Unexpected token. Did you mean `{'}'}` or `&rbrace;`?

Import traces:
  Client Component Browser:
    ./app/dashboard/components/MonthlyAreaChart.tsx [Client Component Browser]
    ./app/dashboard/page.tsx [Client Component Browser]
    ./app/dashboard/page.tsx [Server Component]

  Client Component SSR:
    ./app/dashboard/components/MonthlyAreaChart.tsx [Client Component SSR]
    ./app/dashboard/page.tsx [Client Component SSR]
    ./app/dashboard/page.tsx [Server Component] @ http://localhost:3000/_next/static/chunks/node_modules_next_dist_f3530cac._.js:3127
[  152559ms] [ERROR] ./app/dashboard/components/MonthlyAreaChart.tsx:145:1
Parsing ecmascript source code failed
  143 |     </div>
  144 |   );
> 145 | }
      | ^
  146 |

Unexpected token. Did you mean `{'}'}` or `&rbrace;`?

Import traces:
  Client Component Browser:
    ./app/dashboard/components/MonthlyAreaChart.tsx [Client Component Browser]
    ./app/dashboard/page.tsx [Client Component Browser]
    ./app/dashboard/page.tsx [Server Component]

  Client Component SSR:
    ./app/dashboard/components/MonthlyAreaChart.tsx [Client Component SSR]
    ./app/dashboard/page.tsx [Client Component SSR]
    ./app/dashboard/page.tsx [Server Component] @ http://localhost:3000/_next/static/chunks/node_modules_next_dist_f3530cac._.js:3127
[  152563ms] [LOG] [Fast Refresh] rebuilding @ http://localhost:3000/_next/static/chunks/node_modules_next_dist_f3530cac._.js:2297
[  152665ms] [ERROR] ./app/dashboard/components/MonthlyAreaChart.tsx:145:1
Parsing ecmascript source code failed
  143 |     </div>
  144 |   );
> 145 | }
      | ^
  146 |

Unexpected token. Did you mean `{'}'}` or `&rbrace;`?

Import traces:
  Client Component Browser:
    ./app/dashboard/components/MonthlyAreaChart.tsx [Client Component Browser]
    ./app/dashboard/page.tsx [Client Component Browser]
    ./app/dashboard/page.tsx [Server Component]

  Client Component SSR:
    ./app/dashboard/components/MonthlyAreaChart.tsx [Client Component SSR]
    ./app/dashboard/page.tsx [Client Component SSR]
    ./app/dashboard/page.tsx [Server Component] @ http://localhost:3000/_next/static/chunks/node_modules_next_dist_f3530cac._.js:3127
[  152696ms] [LOG] [Fast Refresh] rebuilding @ http://localhost:3000/_next/static/chunks/node_modules_next_dist_f3530cac._.js:2297
[  152785ms] [ERROR] ./app/dashboard/components/MonthlyAreaChart.tsx:145:1
Parsing ecmascript source code failed
  143 |     </div>
  144 |   );
> 145 | }
      | ^
  146 |

Unexpected token. Did you mean `{'}'}` or `&rbrace;`?

Import traces:
  Client Component Browser:
    ./app/dashboard/components/MonthlyAreaChart.tsx [Client Component Browser]
    ./app/dashboard/page.tsx [Client Component Browser]
    ./app/dashboard/page.tsx [Server Component]

  Client Component SSR:
    ./app/dashboard/components/MonthlyAreaChart.tsx [Client Component SSR]
    ./app/dashboard/page.tsx [Client Component SSR]
    ./app/dashboard/page.tsx [Server Component] @ http://localhost:3000/_next/static/chunks/node_modules_next_dist_f3530cac._.js:3127
[  152798ms] [LOG] [Fast Refresh] rebuilding @ http://localhost:3000/_next/static/chunks/node_modules_next_dist_f3530cac._.js:2297
[  152866ms] [ERROR] ./app/dashboard/components/MonthlyAreaChart.tsx:145:1
Parsing ecmascript source code failed
  143 |     </div>
  144 |   );
> 145 | }
      | ^
  146 |

Unexpected token. Did you mean `{'}'}` or `&rbrace;`?

Import traces:
  Client Component Browser:
    ./app/dashboard/components/MonthlyAreaChart.tsx [Client Component Browser]
    ./app/dashboard/page.tsx [Client Component Browser]
    ./app/dashboard/page.tsx [Server Component]

  Client Component SSR:
    ./app/dashboard/components/MonthlyAreaChart.tsx [Client Component SSR]
    ./app/dashboard/page.tsx [Client Component SSR]
    ./app/dashboard/page.tsx [Server Component] @ http://localhost:3000/_next/static/chunks/node_modules_next_dist_f3530cac._.js:3127
[  152968ms] [ERROR] ./app/dashboard/components/MonthlyAreaChart.tsx:145:1
Parsing ecmascript source code failed
  143 |     </div>
  144 |   );
> 145 | }
      | ^
  146 |

Unexpected token. Did you mean `{'}'}` or `&rbrace;`?

Import traces:
  Client Component Browser:
    ./app/dashboard/components/MonthlyAreaChart.tsx [Client Component Browser]
    ./app/dashboard/page.tsx [Client Component Browser]
    ./app/dashboard/page.tsx [Server Component]

  Client Component SSR:
    ./app/dashboard/components/MonthlyAreaChart.tsx [Client Component SSR]
    ./app/dashboard/page.tsx [Client Component SSR]
    ./app/dashboard/page.tsx [Server Component] @ http://localhost:3000/_next/static/chunks/node_modules_next_dist_f3530cac._.js:3127
[  152996ms] [LOG] [Fast Refresh] rebuilding @ http://localhost:3000/_next/static/chunks/node_modules_next_dist_f3530cac._.js:2297
[  153197ms] [LOG] [Fast Refresh] rebuilding @ http://localhost:3000/_next/static/chunks/node_modules_next_dist_f3530cac._.js:2297
[  153580ms] [LOG] [Fast Refresh] done in 389ms @ http://localhost:3000/_next/static/chunks/node_modules_next_dist_f3530cac._.js:2297
[  153688ms] [LOG] [Fast Refresh] rebuilding @ http://localhost:3000/_next/static/chunks/node_modules_next_dist_f3530cac._.js:2297
[  154560ms] [LOG] [Fast Refresh] done in 978ms @ http://localhost:3000/_next/static/chunks/node_modules_next_dist_f3530cac._.js:2297
[  156573ms] [LOG] [Fast Refresh] rebuilding @ http://localhost:3000/_next/static/chunks/node_modules_next_dist_f3530cac._.js:2297
[  157238ms] [ERROR] ./app/dashboard/components/MonthlyBarChart.tsx:171:1
Parsing ecmascript source code failed
  169 |     </div>
  170 |   );
> 171 | }
      | ^
  172 |

Unexpected token. Did you mean `{'}'}` or `&rbrace;`?

Import traces:
  Client Component Browser:
    ./app/dashboard/components/MonthlyBarChart.tsx [Client Component Browser]
    ./app/dashboard/page.tsx [Client Component Browser]
    ./app/dashboard/page.tsx [Server Component]

  Client Component SSR:
    ./app/dashboard/components/MonthlyBarChart.tsx [Client Component SSR]
    ./app/dashboard/page.tsx [Client Component SSR]
    ./app/dashboard/page.tsx [Server Component] @ http://localhost:3000/_next/static/chunks/node_modules_next_dist_f3530cac._.js:3127
[  157306ms] [ERROR] ./app/dashboard/components/MonthlyBarChart.tsx:171:1
Parsing ecmascript source code failed
  169 |     </div>
  170 |   );
> 171 | }
      | ^
  172 |

Unexpected token. Did you mean `{'}'}` or `&rbrace;`?

Import traces:
  Client Component Browser:
    ./app/dashboard/components/MonthlyBarChart.tsx [Client Component Browser]
    ./app/dashboard/page.tsx [Client Component Browser]
    ./app/dashboard/page.tsx [Server Component]

  Client Component SSR:
    ./app/dashboard/components/MonthlyBarChart.tsx [Client Component SSR]
    ./app/dashboard/page.tsx [Client Component SSR]
    ./app/dashboard/page.tsx [Server Component] @ http://localhost:3000/_next/static/chunks/node_modules_next_dist_f3530cac._.js:3127
[  157387ms] [ERROR] ./app/dashboard/components/MonthlyBarChart.tsx:171:1
Parsing ecmascript source code failed
  169 |     </div>
  170 |   );
> 171 | }
      | ^
  172 |

Unexpected token. Did you mean `{'}'}` or `&rbrace;`?

Import traces:
  Client Component Browser:
    ./app/dashboard/components/MonthlyBarChart.tsx [Client Component Browser]
    ./app/dashboard/page.tsx [Client Component Browser]
    ./app/dashboard/page.tsx [Server Component]

  Client Component SSR:
    ./app/dashboard/components/MonthlyBarChart.tsx [Client Component SSR]
    ./app/dashboard/page.tsx [Client Component SSR]
    ./app/dashboard/page.tsx [Server Component] @ http://localhost:3000/_next/static/chunks/node_modules_next_dist_f3530cac._.js:3127
[  157479ms] [ERROR] ./app/dashboard/components/MonthlyBarChart.tsx:171:1
Parsing ecmascript source code failed
  169 |     </div>
  170 |   );
> 171 | }
      | ^
  172 |

Unexpected token. Did you mean `{'}'}` or `&rbrace;`?

Import traces:
  Client Component Browser:
    ./app/dashboard/components/MonthlyBarChart.tsx [Client Component Browser]
    ./app/dashboard/page.tsx [Client Component Browser]
    ./app/dashboard/page.tsx [Server Component]

  Client Component SSR:
    ./app/dashboard/components/MonthlyBarChart.tsx [Client Component SSR]
    ./app/dashboard/page.tsx [Client Component SSR]
    ./app/dashboard/page.tsx [Server Component] @ http://localhost:3000/_next/static/chunks/node_modules_next_dist_f3530cac._.js:3127
[  157564ms] [ERROR] ./app/dashboard/components/MonthlyBarChart.tsx:171:1
Parsing ecmascript source code failed
  169 |     </div>
  170 |   );
> 171 | }
      | ^
  172 |

Unexpected token. Did you mean `{'}'}` or `&rbrace;`?

Import traces:
  Client Component Browser:
    ./app/dashboard/components/MonthlyBarChart.tsx [Client Component Browser]
    ./app/dashboard/page.tsx [Client Component Browser]
    ./app/dashboard/page.tsx [Server Component]

  Client Component SSR:
    ./app/dashboard/components/MonthlyBarChart.tsx [Client Component SSR]
    ./app/dashboard/page.tsx [Client Component SSR]
    ./app/dashboard/page.tsx [Server Component] @ http://localhost:3000/_next/static/chunks/node_modules_next_dist_f3530cac._.js:3127
[  157639ms] [ERROR] ./app/dashboard/components/MonthlyBarChart.tsx:171:1
Parsing ecmascript source code failed
  169 |     </div>
  170 |   );
> 171 | }
      | ^
  172 |

Unexpected token. Did you mean `{'}'}` or `&rbrace;`?

Import traces:
  Client Component Browser:
    ./app/dashboard/components/MonthlyBarChart.tsx [Client Component Browser]
    ./app/dashboard/page.tsx [Client Component Browser]
    ./app/dashboard/page.tsx [Server Component]

  Client Component SSR:
    ./app/dashboard/components/MonthlyBarChart.tsx [Client Component SSR]
    ./app/dashboard/page.tsx [Client Component SSR]
    ./app/dashboard/page.tsx [Server Component] @ http://localhost:3000/_next/static/chunks/node_modules_next_dist_f3530cac._.js:3127
[  157702ms] [ERROR] ./app/dashboard/components/MonthlyBarChart.tsx:171:1
Parsing ecmascript source code failed
  169 |     </div>
  170 |   );
> 171 | }
      | ^
  172 |

Unexpected token. Did you mean `{'}'}` or `&rbrace;`?

Import traces:
  Client Component Browser:
    ./app/dashboard/components/MonthlyBarChart.tsx [Client Component Browser]
    ./app/dashboard/page.tsx [Client Component Browser]
    ./app/dashboard/page.tsx [Server Component]

  Client Component SSR:
    ./app/dashboard/components/MonthlyBarChart.tsx [Client Component SSR]
    ./app/dashboard/page.tsx [Client Component SSR]
    ./app/dashboard/page.tsx [Server Component] @ http://localhost:3000/_next/static/chunks/node_modules_next_dist_f3530cac._.js:3127
[  157770ms] [ERROR] ./app/dashboard/components/MonthlyBarChart.tsx:171:1
Parsing ecmascript source code failed
  169 |     </div>
  170 |   );
> 171 | }
      | ^
  172 |

Unexpected token. Did you mean `{'}'}` or `&rbrace;`?

Import traces:
  Client Component Browser:
    ./app/dashboard/components/MonthlyBarChart.tsx [Client Component Browser]
    ./app/dashboard/page.tsx [Client Component Browser]
    ./app/dashboard/page.tsx [Server Component]

  Client Component SSR:
    ./app/dashboard/components/MonthlyBarChart.tsx [Client Component SSR]
    ./app/dashboard/page.tsx [Client Component SSR]
    ./app/dashboard/page.tsx [Server Component] @ http://localhost:3000/_next/static/chunks/node_modules_next_dist_f3530cac._.js:3127
[  157837ms] [ERROR] ./app/dashboard/components/MonthlyBarChart.tsx:171:1
Parsing ecmascript source code failed
  169 |     </div>
  170 |   );
> 171 | }
      | ^
  172 |

Unexpected token. Did you mean `{'}'}` or `&rbrace;`?

Import traces:
  Client Component Browser:
    ./app/dashboard/components/MonthlyBarChart.tsx [Client Component Browser]
    ./app/dashboard/page.tsx [Client Component Browser]
    ./app/dashboard/page.tsx [Server Component]

  Client Component SSR:
    ./app/dashboard/components/MonthlyBarChart.tsx [Client Component SSR]
    ./app/dashboard/page.tsx [Client Component SSR]
    ./app/dashboard/page.tsx [Server Component] @ http://localhost:3000/_next/static/chunks/node_modules_next_dist_f3530cac._.js:3127
[  157912ms] [ERROR] ./app/dashboard/components/MonthlyBarChart.tsx:171:1
Parsing ecmascript source code failed
  169 |     </div>
  170 |   );
> 171 | }
      | ^
  172 |

Unexpected token. Did you mean `{'}'}` or `&rbrace;`?

Import traces:
  Client Component Browser:
    ./app/dashboard/components/MonthlyBarChart.tsx [Client Component Browser]
    ./app/dashboard/page.tsx [Client Component Browser]
    ./app/dashboard/page.tsx [Server Component]

  Client Component SSR:
    ./app/dashboard/components/MonthlyBarChart.tsx [Client Component SSR]
    ./app/dashboard/page.tsx [Client Component SSR]
    ./app/dashboard/page.tsx [Server Component] @ http://localhost:3000/_next/static/chunks/node_modules_next_dist_f3530cac._.js:3127
[  157979ms] [ERROR] ./app/dashboard/components/MonthlyBarChart.tsx:171:1
Parsing ecmascript source code failed
  169 |     </div>
  170 |   );
> 171 | }
      | ^
  172 |

Unexpected token. Did you mean `{'}'}` or `&rbrace;`?

Import traces:
  Client Component Browser:
    ./app/dashboard/components/MonthlyBarChart.tsx [Client Component Browser]
    ./app/dashboard/page.tsx [Client Component Browser]
    ./app/dashboard/page.tsx [Server Component]

  Client Component SSR:
    ./app/dashboard/components/MonthlyBarChart.tsx [Client Component SSR]
    ./app/dashboard/page.tsx [Client Component SSR]
    ./app/dashboard/page.tsx [Server Component] @ http://localhost:3000/_next/static/chunks/node_modules_next_dist_f3530cac._.js:3127
[  158052ms] [ERROR] ./app/dashboard/components/MonthlyBarChart.tsx:171:1
Parsing ecmascript source code failed
  169 |     </div>
  170 |   );
> 171 | }
      | ^
  172 |

Unexpected token. Did you mean `{'}'}` or `&rbrace;`?

Import traces:
  Client Component Browser:
    ./app/dashboard/components/MonthlyBarChart.tsx [Client Component Browser]
    ./app/dashboard/page.tsx [Client Component Browser]
    ./app/dashboard/page.tsx [Server Component]

  Client Component SSR:
    ./app/dashboard/components/MonthlyBarChart.tsx [Client Component SSR]
    ./app/dashboard/page.tsx [Client Component SSR]
    ./app/dashboard/page.tsx [Server Component] @ http://localhost:3000/_next/static/chunks/node_modules_next_dist_f3530cac._.js:3127
[  158118ms] [ERROR] ./app/dashboard/components/MonthlyBarChart.tsx:171:1
Parsing ecmascript source code failed
  169 |     </div>
  170 |   );
> 171 | }
      | ^
  172 |

Unexpected token. Did you mean `{'}'}` or `&rbrace;`?

Import traces:
  Client Component Browser:
    ./app/dashboard/components/MonthlyBarChart.tsx [Client Component Browser]
    ./app/dashboard/page.tsx [Client Component Browser]
    ./app/dashboard/page.tsx [Server Component]

  Client Component SSR:
    ./app/dashboard/components/MonthlyBarChart.tsx [Client Component SSR]
    ./app/dashboard/page.tsx [Client Component SSR]
    ./app/dashboard/page.tsx [Server Component] @ http://localhost:3000/_next/static/chunks/node_modules_next_dist_f3530cac._.js:3127
[  158172ms] [ERROR] ./app/dashboard/components/MonthlyBarChart.tsx:171:1
Parsing ecmascript source code failed
  169 |     </div>
  170 |   );
> 171 | }
      | ^
  172 |

Unexpected token. Did you mean `{'}'}` or `&rbrace;`?

Import traces:
  Client Component Browser:
    ./app/dashboard/components/MonthlyBarChart.tsx [Client Component Browser]
    ./app/dashboard/page.tsx [Client Component Browser]
    ./app/dashboard/page.tsx [Server Component]

  Client Component SSR:
    ./app/dashboard/components/MonthlyBarChart.tsx [Client Component SSR]
    ./app/dashboard/page.tsx [Client Component SSR]
    ./app/dashboard/page.tsx [Server Component] @ http://localhost:3000/_next/static/chunks/node_modules_next_dist_f3530cac._.js:3127
[  158233ms] [ERROR] ./app/dashboard/components/MonthlyBarChart.tsx:171:1
Parsing ecmascript source code failed
  169 |     </div>
  170 |   );
> 171 | }
      | ^
  172 |

Unexpected token. Did you mean `{'}'}` or `&rbrace;`?

Import traces:
  Client Component Browser:
    ./app/dashboard/components/MonthlyBarChart.tsx [Client Component Browser]
    ./app/dashboard/page.tsx [Client Component Browser]
    ./app/dashboard/page.tsx [Server Component]

  Client Component SSR:
    ./app/dashboard/components/MonthlyBarChart.tsx [Client Component SSR]
    ./app/dashboard/page.tsx [Client Component SSR]
    ./app/dashboard/page.tsx [Server Component] @ http://localhost:3000/_next/static/chunks/node_modules_next_dist_f3530cac._.js:3127
[  158301ms] [ERROR] ./app/dashboard/components/MonthlyBarChart.tsx:171:1
Parsing ecmascript source code failed
  169 |     </div>
  170 |   );
> 171 | }
      | ^
  172 |

Unexpected token. Did you mean `{'}'}` or `&rbrace;`?

Import traces:
  Client Component Browser:
    ./app/dashboard/components/MonthlyBarChart.tsx [Client Component Browser]
    ./app/dashboard/page.tsx [Client Component Browser]
    ./app/dashboard/page.tsx [Server Component]

  Client Component SSR:
    ./app/dashboard/components/MonthlyBarChart.tsx [Client Component SSR]
    ./app/dashboard/page.tsx [Client Component SSR]
    ./app/dashboard/page.tsx [Server Component] @ http://localhost:3000/_next/static/chunks/node_modules_next_dist_f3530cac._.js:3127
[  158373ms] [ERROR] ./app/dashboard/components/MonthlyBarChart.tsx:171:1
Parsing ecmascript source code failed
  169 |     </div>
  170 |   );
> 171 | }
      | ^
  172 |

Unexpected token. Did you mean `{'}'}` or `&rbrace;`?

Import traces:
  Client Component Browser:
    ./app/dashboard/components/MonthlyBarChart.tsx [Client Component Browser]
    ./app/dashboard/page.tsx [Client Component Browser]
    ./app/dashboard/page.tsx [Server Component]

  Client Component SSR:
    ./app/dashboard/components/MonthlyBarChart.tsx [Client Component SSR]
    ./app/dashboard/page.tsx [Client Component SSR]
    ./app/dashboard/page.tsx [Server Component] @ http://localhost:3000/_next/static/chunks/node_modules_next_dist_f3530cac._.js:3127
[  158459ms] [ERROR] ./app/dashboard/components/MonthlyBarChart.tsx:171:1
Parsing ecmascript source code failed
  169 |     </div>
  170 |   );
> 171 | }
      | ^
  172 |

Unexpected token. Did you mean `{'}'}` or `&rbrace;`?

Import traces:
  Client Component Browser:
    ./app/dashboard/components/MonthlyBarChart.tsx [Client Component Browser]
    ./app/dashboard/page.tsx [Client Component Browser]
    ./app/dashboard/page.tsx [Server Component]

  Client Component SSR:
    ./app/dashboard/components/MonthlyBarChart.tsx [Client Component SSR]
    ./app/dashboard/page.tsx [Client Component SSR]
    ./app/dashboard/page.tsx [Server Component] @ http://localhost:3000/_next/static/chunks/node_modules_next_dist_f3530cac._.js:3127
[  158493ms] [LOG] [Fast Refresh] rebuilding @ http://localhost:3000/_next/static/chunks/node_modules_next_dist_f3530cac._.js:2297
[  158650ms] [ERROR] ./app/dashboard/components/MonthlyBarChart.tsx:171:1
Parsing ecmascript source code failed
  169 |     </div>
  170 |   );
> 171 | }
      | ^
  172 |

Unexpected token. Did you mean `{'}'}` or `&rbrace;`?

Import traces:
  Client Component Browser:
    ./app/dashboard/components/MonthlyBarChart.tsx [Client Component Browser]
    ./app/dashboard/page.tsx [Client Component Browser]
    ./app/dashboard/page.tsx [Server Component]

  Client Component SSR:
    ./app/dashboard/components/MonthlyBarChart.tsx [Client Component SSR]
    ./app/dashboard/page.tsx [Client Component SSR]
    ./app/dashboard/page.tsx [Server Component] @ http://localhost:3000/_next/static/chunks/node_modules_next_dist_f3530cac._.js:3127
[  158717ms] [ERROR] ./app/dashboard/components/MonthlyBarChart.tsx:171:1
Parsing ecmascript source code failed
  169 |     </div>
  170 |   );
> 171 | }
      | ^
  172 |

Unexpected token. Did you mean `{'}'}` or `&rbrace;`?

Import traces:
  Client Component Browser:
    ./app/dashboard/components/MonthlyBarChart.tsx [Client Component Browser]
    ./app/dashboard/page.tsx [Client Component Browser]
    ./app/dashboard/page.tsx [Server Component]

  Client Component SSR:
    ./app/dashboard/components/MonthlyBarChart.tsx [Client Component SSR]
    ./app/dashboard/page.tsx [Client Component SSR]
    ./app/dashboard/page.tsx [Server Component] @ http://localhost:3000/_next/static/chunks/node_modules_next_dist_f3530cac._.js:3127
[  158786ms] [ERROR] ./app/dashboard/components/MonthlyBarChart.tsx:171:1
Parsing ecmascript source code failed
  169 |     </div>
  170 |   );
> 171 | }
      | ^
  172 |

Unexpected token. Did you mean `{'}'}` or `&rbrace;`?

Import traces:
  Client Component Browser:
    ./app/dashboard/components/MonthlyBarChart.tsx [Client Component Browser]
    ./app/dashboard/page.tsx [Client Component Browser]
    ./app/dashboard/page.tsx [Server Component]

  Client Component SSR:
    ./app/dashboard/components/MonthlyBarChart.tsx [Client Component SSR]
    ./app/dashboard/page.tsx [Client Component SSR]
    ./app/dashboard/page.tsx [Server Component] @ http://localhost:3000/_next/static/chunks/node_modules_next_dist_f3530cac._.js:3127
[  158852ms] [ERROR] ./app/dashboard/components/MonthlyBarChart.tsx:171:1
Parsing ecmascript source code failed
  169 |     </div>
  170 |   );
> 171 | }
      | ^
  172 |

Unexpected token. Did you mean `{'}'}` or `&rbrace;`?

Import traces:
  Client Component Browser:
    ./app/dashboard/components/MonthlyBarChart.tsx [Client Component Browser]
    ./app/dashboard/page.tsx [Client Component Browser]
    ./app/dashboard/page.tsx [Server Component]

  Client Component SSR:
    ./app/dashboard/components/MonthlyBarChart.tsx [Client Component SSR]
    ./app/dashboard/page.tsx [Client Component SSR]
    ./app/dashboard/page.tsx [Server Component] @ http://localhost:3000/_next/static/chunks/node_modules_next_dist_f3530cac._.js:3127
[  158918ms] [ERROR] ./app/dashboard/components/MonthlyBarChart.tsx:171:1
Parsing ecmascript source code failed
  169 |     </div>
  170 |   );
> 171 | }
      | ^
  172 |

Unexpected token. Did you mean `{'}'}` or `&rbrace;`?

Import traces:
  Client Component Browser:
    ./app/dashboard/components/MonthlyBarChart.tsx [Client Component Browser]
    ./app/dashboard/page.tsx [Client Component Browser]
    ./app/dashboard/page.tsx [Server Component]

  Client Component SSR:
    ./app/dashboard/components/MonthlyBarChart.tsx [Client Component SSR]
    ./app/dashboard/page.tsx [Client Component SSR]
    ./app/dashboard/page.tsx [Server Component] @ http://localhost:3000/_next/static/chunks/node_modules_next_dist_f3530cac._.js:3127
[  158970ms] [ERROR] ./app/dashboard/components/MonthlyBarChart.tsx:171:1
Parsing ecmascript source code failed
  169 |     </div>
  170 |   );
> 171 | }
      | ^
  172 |

Unexpected token. Did you mean `{'}'}` or `&rbrace;`?

Import traces:
  Client Component Browser:
    ./app/dashboard/components/MonthlyBarChart.tsx [Client Component Browser]
    ./app/dashboard/page.tsx [Client Component Browser]
    ./app/dashboard/page.tsx [Server Component]

  Client Component SSR:
    ./app/dashboard/components/MonthlyBarChart.tsx [Client Component SSR]
    ./app/dashboard/page.tsx [Client Component SSR]
    ./app/dashboard/page.tsx [Server Component] @ http://localhost:3000/_next/static/chunks/node_modules_next_dist_f3530cac._.js:3127
[  159033ms] [ERROR] ./app/dashboard/components/MonthlyBarChart.tsx:171:1
Parsing ecmascript source code failed
  169 |     </div>
  170 |   );
> 171 | }
      | ^
  172 |

Unexpected token. Did you mean `{'}'}` or `&rbrace;`?

Import traces:
  Client Component Browser:
    ./app/dashboard/components/MonthlyBarChart.tsx [Client Component Browser]
    ./app/dashboard/page.tsx [Client Component Browser]
    ./app/dashboard/page.tsx [Server Component]

  Client Component SSR:
    ./app/dashboard/components/MonthlyBarChart.tsx [Client Component SSR]
    ./app/dashboard/page.tsx [Client Component SSR]
    ./app/dashboard/page.tsx [Server Component] @ http://localhost:3000/_next/static/chunks/node_modules_next_dist_f3530cac._.js:3127
[  159102ms] [ERROR] ./app/dashboard/components/MonthlyBarChart.tsx:171:1
Parsing ecmascript source code failed
  169 |     </div>
  170 |   );
> 171 | }
      | ^
  172 |

Unexpected token. Did you mean `{'}'}` or `&rbrace;`?

Import traces:
  Client Component Browser:
    ./app/dashboard/components/MonthlyBarChart.tsx [Client Component Browser]
    ./app/dashboard/page.tsx [Client Component Browser]
    ./app/dashboard/page.tsx [Server Component]

  Client Component SSR:
    ./app/dashboard/components/MonthlyBarChart.tsx [Client Component SSR]
    ./app/dashboard/page.tsx [Client Component SSR]
    ./app/dashboard/page.tsx [Server Component] @ http://localhost:3000/_next/static/chunks/node_modules_next_dist_f3530cac._.js:3127
[  159157ms] [ERROR] ./app/dashboard/components/MonthlyBarChart.tsx:171:1
Parsing ecmascript source code failed
  169 |     </div>
  170 |   );
> 171 | }
      | ^
  172 |

Unexpected token. Did you mean `{'}'}` or `&rbrace;`?

Import traces:
  Client Component Browser:
    ./app/dashboard/components/MonthlyBarChart.tsx [Client Component Browser]
    ./app/dashboard/page.tsx [Client Component Browser]
    ./app/dashboard/page.tsx [Server Component]

  Client Component SSR:
    ./app/dashboard/components/MonthlyBarChart.tsx [Client Component SSR]
    ./app/dashboard/page.tsx [Client Component SSR]
    ./app/dashboard/page.tsx [Server Component] @ http://localhost:3000/_next/static/chunks/node_modules_next_dist_f3530cac._.js:3127
[  159217ms] [ERROR] ./app/dashboard/components/MonthlyBarChart.tsx:171:1
Parsing ecmascript source code failed
  169 |     </div>
  170 |   );
> 171 | }
      | ^
  172 |

Unexpected token. Did you mean `{'}'}` or `&rbrace;`?

Import traces:
  Client Component Browser:
    ./app/dashboard/components/MonthlyBarChart.tsx [Client Component Browser]
    ./app/dashboard/page.tsx [Client Component Browser]
    ./app/dashboard/page.tsx [Server Component]

  Client Component SSR:
    ./app/dashboard/components/MonthlyBarChart.tsx [Client Component SSR]
    ./app/dashboard/page.tsx [Client Component SSR]
    ./app/dashboard/page.tsx [Server Component] @ http://localhost:3000/_next/static/chunks/node_modules_next_dist_f3530cac._.js:3127
[  159268ms] [ERROR] ./app/dashboard/components/MonthlyBarChart.tsx:171:1
Parsing ecmascript source code failed
  169 |     </div>
  170 |   );
> 171 | }
      | ^
  172 |

Unexpected token. Did you mean `{'}'}` or `&rbrace;`?

Import traces:
  Client Component Browser:
    ./app/dashboard/components/MonthlyBarChart.tsx [Client Component Browser]
    ./app/dashboard/page.tsx [Client Component Browser]
    ./app/dashboard/page.tsx [Server Component]

  Client Component SSR:
    ./app/dashboard/components/MonthlyBarChart.tsx [Client Component SSR]
    ./app/dashboard/page.tsx [Client Component SSR]
    ./app/dashboard/page.tsx [Server Component] @ http://localhost:3000/_next/static/chunks/node_modules_next_dist_f3530cac._.js:3127
[  159319ms] [ERROR] ./app/dashboard/components/MonthlyBarChart.tsx:171:1
Parsing ecmascript source code failed
  169 |     </div>
  170 |   );
> 171 | }
      | ^
  172 |

Unexpected token. Did you mean `{'}'}` or `&rbrace;`?

Import traces:
  Client Component Browser:
    ./app/dashboard/components/MonthlyBarChart.tsx [Client Component Browser]
    ./app/dashboard/page.tsx [Client Component Browser]
    ./app/dashboard/page.tsx [Server Component]

  Client Component SSR:
    ./app/dashboard/components/MonthlyBarChart.tsx [Client Component SSR]
    ./app/dashboard/page.tsx [Client Component SSR]
    ./app/dashboard/page.tsx [Server Component] @ http://localhost:3000/_next/static/chunks/node_modules_next_dist_f3530cac._.js:3127
[  159384ms] [ERROR] ./app/dashboard/components/MonthlyBarChart.tsx:171:1
Parsing ecmascript source code failed
  169 |     </div>
  170 |   );
> 171 | }
      | ^
  172 |

Unexpected token. Did you mean `{'}'}` or `&rbrace;`?

Import traces:
  Client Component Browser:
    ./app/dashboard/components/MonthlyBarChart.tsx [Client Component Browser]
    ./app/dashboard/page.tsx [Client Component Browser]
    ./app/dashboard/page.tsx [Server Component]

  Client Component SSR:
    ./app/dashboard/components/MonthlyBarChart.tsx [Client Component SSR]
    ./app/dashboard/page.tsx [Client Component SSR]
    ./app/dashboard/page.tsx [Server Component] @ http://localhost:3000/_next/static/chunks/node_modules_next_dist_f3530cac._.js:3127
[  159451ms] [ERROR] ./app/dashboard/components/MonthlyBarChart.tsx:171:1
Parsing ecmascript source code failed
  169 |     </div>
  170 |   );
> 171 | }
      | ^
  172 |

Unexpected token. Did you mean `{'}'}` or `&rbrace;`?

Import traces:
  Client Component Browser:
    ./app/dashboard/components/MonthlyBarChart.tsx [Client Component Browser]
    ./app/dashboard/page.tsx [Client Component Browser]
    ./app/dashboard/page.tsx [Server Component]

  Client Component SSR:
    ./app/dashboard/components/MonthlyBarChart.tsx [Client Component SSR]
    ./app/dashboard/page.tsx [Client Component SSR]
    ./app/dashboard/page.tsx [Server Component] @ http://localhost:3000/_next/static/chunks/node_modules_next_dist_f3530cac._.js:3127
[  159508ms] [ERROR] ./app/dashboard/components/MonthlyBarChart.tsx:171:1
Parsing ecmascript source code failed
  169 |     </div>
  170 |   );
> 171 | }
      | ^
  172 |

Unexpected token. Did you mean `{'}'}` or `&rbrace;`?

Import traces:
  Client Component Browser:
    ./app/dashboard/components/MonthlyBarChart.tsx [Client Component Browser]
    ./app/dashboard/page.tsx [Client Component Browser]
    ./app/dashboard/page.tsx [Server Component]

  Client Component SSR:
    ./app/dashboard/components/MonthlyBarChart.tsx [Client Component SSR]
    ./app/dashboard/page.tsx [Client Component SSR]
    ./app/dashboard/page.tsx [Server Component] @ http://localhost:3000/_next/static/chunks/node_modules_next_dist_f3530cac._.js:3127
[  159570ms] [ERROR] ./app/dashboard/components/MonthlyBarChart.tsx:171:1
Parsing ecmascript source code failed
  169 |     </div>
  170 |   );
> 171 | }
      | ^
  172 |

Unexpected token. Did you mean `{'}'}` or `&rbrace;`?

Import traces:
  Client Component Browser:
    ./app/dashboard/components/MonthlyBarChart.tsx [Client Component Browser]
    ./app/dashboard/page.tsx [Client Component Browser]
    ./app/dashboard/page.tsx [Server Component]

  Client Component SSR:
    ./app/dashboard/components/MonthlyBarChart.tsx [Client Component SSR]
    ./app/dashboard/page.tsx [Client Component SSR]
    ./app/dashboard/page.tsx [Server Component] @ http://localhost:3000/_next/static/chunks/node_modules_next_dist_f3530cac._.js:3127
[  159637ms] [ERROR] ./app/dashboard/components/MonthlyBarChart.tsx:171:1
Parsing ecmascript source code failed
  169 |     </div>
  170 |   );
> 171 | }
      | ^
  172 |

Unexpected token. Did you mean `{'}'}` or `&rbrace;`?

Import traces:
  Client Component Browser:
    ./app/dashboard/components/MonthlyBarChart.tsx [Client Component Browser]
    ./app/dashboard/page.tsx [Client Component Browser]
    ./app/dashboard/page.tsx [Server Component]

  Client Component SSR:
    ./app/dashboard/components/MonthlyBarChart.tsx [Client Component SSR]
    ./app/dashboard/page.tsx [Client Component SSR]
    ./app/dashboard/page.tsx [Server Component] @ http://localhost:3000/_next/static/chunks/node_modules_next_dist_f3530cac._.js:3127
[  159722ms] [ERROR] ./app/dashboard/components/MonthlyBarChart.tsx:171:1
Parsing ecmascript source code failed
  169 |     </div>
  170 |   );
> 171 | }
      | ^
  172 |

Unexpected token. Did you mean `{'}'}` or `&rbrace;`?

Import traces:
  Client Component Browser:
    ./app/dashboard/components/MonthlyBarChart.tsx [Client Component Browser]
    ./app/dashboard/page.tsx [Client Component Browser]
    ./app/dashboard/page.tsx [Server Component]

  Client Component SSR:
    ./app/dashboard/components/MonthlyBarChart.tsx [Client Component SSR]
    ./app/dashboard/page.tsx [Client Component SSR]
    ./app/dashboard/page.tsx [Server Component] @ http://localhost:3000/_next/static/chunks/node_modules_next_dist_f3530cac._.js:3127
[  159786ms] [ERROR] ./app/dashboard/components/MonthlyBarChart.tsx:171:1
Parsing ecmascript source code failed
  169 |     </div>
  170 |   );
> 171 | }
      | ^
  172 |

Unexpected token. Did you mean `{'}'}` or `&rbrace;`?

Import traces:
  Client Component Browser:
    ./app/dashboard/components/MonthlyBarChart.tsx [Client Component Browser]
    ./app/dashboard/page.tsx [Client Component Browser]
    ./app/dashboard/page.tsx [Server Component]

  Client Component SSR:
    ./app/dashboard/components/MonthlyBarChart.tsx [Client Component SSR]
    ./app/dashboard/page.tsx [Client Component SSR]
    ./app/dashboard/page.tsx [Server Component] @ http://localhost:3000/_next/static/chunks/node_modules_next_dist_f3530cac._.js:3127
[  159850ms] [ERROR] ./app/dashboard/components/MonthlyBarChart.tsx:171:1
Parsing ecmascript source code failed
  169 |     </div>
  170 |   );
> 171 | }
      | ^
  172 |

Unexpected token. Did you mean `{'}'}` or `&rbrace;`?

Import traces:
  Client Component Browser:
    ./app/dashboard/components/MonthlyBarChart.tsx [Client Component Browser]
    ./app/dashboard/page.tsx [Client Component Browser]
    ./app/dashboard/page.tsx [Server Component]

  Client Component SSR:
    ./app/dashboard/components/MonthlyBarChart.tsx [Client Component SSR]
    ./app/dashboard/page.tsx [Client Component SSR]
    ./app/dashboard/page.tsx [Server Component] @ http://localhost:3000/_next/static/chunks/node_modules_next_dist_f3530cac._.js:3127
[  159920ms] [ERROR] ./app/dashboard/components/MonthlyBarChart.tsx:171:1
Parsing ecmascript source code failed
  169 |     </div>
  170 |   );
> 171 | }
      | ^
  172 |

Unexpected token. Did you mean `{'}'}` or `&rbrace;`?

Import traces:
  Client Component Browser:
    ./app/dashboard/components/MonthlyBarChart.tsx [Client Component Browser]
    ./app/dashboard/page.tsx [Client Component Browser]
    ./app/dashboard/page.tsx [Server Component]

  Client Component SSR:
    ./app/dashboard/components/MonthlyBarChart.tsx [Client Component SSR]
    ./app/dashboard/page.tsx [Client Component SSR]
    ./app/dashboard/page.tsx [Server Component] @ http://localhost:3000/_next/static/chunks/node_modules_next_dist_f3530cac._.js:3127
[  159983ms] [ERROR] ./app/dashboard/components/MonthlyBarChart.tsx:171:1
Parsing ecmascript source code failed
  169 |     </div>
  170 |   );
> 171 | }
      | ^
  172 |

Unexpected token. Did you mean `{'}'}` or `&rbrace;`?

Import traces:
  Client Component Browser:
    ./app/dashboard/components/MonthlyBarChart.tsx [Client Component Browser]
    ./app/dashboard/page.tsx [Client Component Browser]
    ./app/dashboard/page.tsx [Server Component]

  Client Component SSR:
    ./app/dashboard/components/MonthlyBarChart.tsx [Client Component SSR]
    ./app/dashboard/page.tsx [Client Component SSR]
    ./app/dashboard/page.tsx [Server Component] @ http://localhost:3000/_next/static/chunks/node_modules_next_dist_f3530cac._.js:3127
[  160113ms] [LOG] [Fast Refresh] rebuilding @ http://localhost:3000/_next/static/chunks/node_modules_next_dist_f3530cac._.js:2297
[  161217ms] [LOG] [Fast Refresh] done in 490ms @ http://localhost:3000/_next/static/chunks/node_modules_next_dist_f3530cac._.js:2297
[  163446ms] [LOG] [Fast Refresh] rebuilding @ http://localhost:3000/_next/static/chunks/node_modules_next_dist_f3530cac._.js:2297
[  163840ms] [ERROR] ./app/dashboard/components/TopDescricoesChart.tsx:95:1
Parsing ecmascript source code failed
  93 |     </div>
  94 |   );
> 95 | }
     | ^
  96 |

Unexpected token. Did you mean `{'}'}` or `&rbrace;`?

Import traces:
  Client Component Browser:
    ./app/dashboard/components/TopDescricoesChart.tsx [Client Component Browser]
    ./app/dashboard/page.tsx [Client Component Browser]
    ./app/dashboard/page.tsx [Server Component]

  Client Component SSR:
    ./app/dashboard/components/TopDescricoesChart.tsx [Client Component SSR]
    ./app/dashboard/page.tsx [Client Component SSR]
    ./app/dashboard/page.tsx [Server Component] @ http://localhost:3000/_next/static/chunks/node_modules_next_dist_f3530cac._.js:3127
[  163904ms] [ERROR] ./app/dashboard/components/TopDescricoesChart.tsx:95:1
Parsing ecmascript source code failed
  93 |     </div>
  94 |   );
> 95 | }
     | ^
  96 |

Unexpected token. Did you mean `{'}'}` or `&rbrace;`?

Import traces:
  Client Component Browser:
    ./app/dashboard/components/TopDescricoesChart.tsx [Client Component Browser]
    ./app/dashboard/page.tsx [Client Component Browser]
    ./app/dashboard/page.tsx [Server Component]

  Client Component SSR:
    ./app/dashboard/components/TopDescricoesChart.tsx [Client Component SSR]
    ./app/dashboard/page.tsx [Client Component SSR]
    ./app/dashboard/page.tsx [Server Component] @ http://localhost:3000/_next/static/chunks/node_modules_next_dist_f3530cac._.js:3127
[  163965ms] [ERROR] ./app/dashboard/components/TopDescricoesChart.tsx:95:1
Parsing ecmascript source code failed
  93 |     </div>
  94 |   );
> 95 | }
     | ^
  96 |

Unexpected token. Did you mean `{'}'}` or `&rbrace;`?

Import traces:
  Client Component Browser:
    ./app/dashboard/components/TopDescricoesChart.tsx [Client Component Browser]
    ./app/dashboard/page.tsx [Client Component Browser]
    ./app/dashboard/page.tsx [Server Component]

  Client Component SSR:
    ./app/dashboard/components/TopDescricoesChart.tsx [Client Component SSR]
    ./app/dashboard/page.tsx [Client Component SSR]
    ./app/dashboard/page.tsx [Server Component] @ http://localhost:3000/_next/static/chunks/node_modules_next_dist_f3530cac._.js:3127
[  164027ms] [ERROR] ./app/dashboard/components/TopDescricoesChart.tsx:95:1
Parsing ecmascript source code failed
  93 |     </div>
  94 |   );
> 95 | }
     | ^
  96 |

Unexpected token. Did you mean `{'}'}` or `&rbrace;`?

Import traces:
  Client Component Browser:
    ./app/dashboard/components/TopDescricoesChart.tsx [Client Component Browser]
    ./app/dashboard/page.tsx [Client Component Browser]
    ./app/dashboard/page.tsx [Server Component]

  Client Component SSR:
    ./app/dashboard/components/TopDescricoesChart.tsx [Client Component SSR]
    ./app/dashboard/page.tsx [Client Component SSR]
    ./app/dashboard/page.tsx [Server Component] @ http://localhost:3000/_next/static/chunks/node_modules_next_dist_f3530cac._.js:3127
[  164088ms] [ERROR] ./app/dashboard/components/TopDescricoesChart.tsx:95:1
Parsing ecmascript source code failed
  93 |     </div>
  94 |   );
> 95 | }
     | ^
  96 |

Unexpected token. Did you mean `{'}'}` or `&rbrace;`?

Import traces:
  Client Component Browser:
    ./app/dashboard/components/TopDescricoesChart.tsx [Client Component Browser]
    ./app/dashboard/page.tsx [Client Component Browser]
    ./app/dashboard/page.tsx [Server Component]

  Client Component SSR:
    ./app/dashboard/components/TopDescricoesChart.tsx [Client Component SSR]
    ./app/dashboard/page.tsx [Client Component SSR]
    ./app/dashboard/page.tsx [Server Component] @ http://localhost:3000/_next/static/chunks/node_modules_next_dist_f3530cac._.js:3127
[  164167ms] [ERROR] ./app/dashboard/components/TopDescricoesChart.tsx:95:1
Parsing ecmascript source code failed
  93 |     </div>
  94 |   );
> 95 | }
     | ^
  96 |

Unexpected token. Did you mean `{'}'}` or `&rbrace;`?

Import traces:
  Client Component Browser:
    ./app/dashboard/components/TopDescricoesChart.tsx [Client Component Browser]
    ./app/dashboard/page.tsx [Client Component Browser]
    ./app/dashboard/page.tsx [Server Component]

  Client Component SSR:
    ./app/dashboard/components/TopDescricoesChart.tsx [Client Component SSR]
    ./app/dashboard/page.tsx [Client Component SSR]
    ./app/dashboard/page.tsx [Server Component] @ http://localhost:3000/_next/static/chunks/node_modules_next_dist_f3530cac._.js:3127
[  164228ms] [ERROR] ./app/dashboard/components/TopDescricoesChart.tsx:95:1
Parsing ecmascript source code failed
  93 |     </div>
  94 |   );
> 95 | }
     | ^
  96 |

Unexpected token. Did you mean `{'}'}` or `&rbrace;`?

Import traces:
  Client Component Browser:
    ./app/dashboard/components/TopDescricoesChart.tsx [Client Component Browser]
    ./app/dashboard/page.tsx [Client Component Browser]
    ./app/dashboard/page.tsx [Server Component]

  Client Component SSR:
    ./app/dashboard/components/TopDescricoesChart.tsx [Client Component SSR]
    ./app/dashboard/page.tsx [Client Component SSR]
    ./app/dashboard/page.tsx [Server Component] @ http://localhost:3000/_next/static/chunks/node_modules_next_dist_f3530cac._.js:3127
[  164293ms] [ERROR] ./app/dashboard/components/TopDescricoesChart.tsx:95:1
Parsing ecmascript source code failed
  93 |     </div>
  94 |   );
> 95 | }
     | ^
  96 |

Unexpected token. Did you mean `{'}'}` or `&rbrace;`?

Import traces:
  Client Component Browser:
    ./app/dashboard/components/TopDescricoesChart.tsx [Client Component Browser]
    ./app/dashboard/page.tsx [Client Component Browser]
    ./app/dashboard/page.tsx [Server Component]

  Client Component SSR:
    ./app/dashboard/components/TopDescricoesChart.tsx [Client Component SSR]
    ./app/dashboard/page.tsx [Client Component SSR]
    ./app/dashboard/page.tsx [Server Component] @ http://localhost:3000/_next/static/chunks/node_modules_next_dist_f3530cac._.js:3127
[  164354ms] [ERROR] ./app/dashboard/components/TopDescricoesChart.tsx:95:1
Parsing ecmascript source code failed
  93 |     </div>
  94 |   );
> 95 | }
     | ^
  96 |

Unexpected token. Did you mean `{'}'}` or `&rbrace;`?

Import traces:
  Client Component Browser:
    ./app/dashboard/components/TopDescricoesChart.tsx [Client Component Browser]
    ./app/dashboard/page.tsx [Client Component Browser]
    ./app/dashboard/page.tsx [Server Component]

  Client Component SSR:
    ./app/dashboard/components/TopDescricoesChart.tsx [Client Component SSR]
    ./app/dashboard/page.tsx [Client Component SSR]
    ./app/dashboard/page.tsx [Server Component] @ http://localhost:3000/_next/static/chunks/node_modules_next_dist_f3530cac._.js:3127
[  164415ms] [ERROR] ./app/dashboard/components/TopDescricoesChart.tsx:95:1
Parsing ecmascript source code failed
  93 |     </div>
  94 |   );
> 95 | }
     | ^
  96 |

Unexpected token. Did you mean `{'}'}` or `&rbrace;`?

Import traces:
  Client Component Browser:
    ./app/dashboard/components/TopDescricoesChart.tsx [Client Component Browser]
    ./app/dashboard/page.tsx [Client Component Browser]
    ./app/dashboard/page.tsx [Server Component]

  Client Component SSR:
    ./app/dashboard/components/TopDescricoesChart.tsx [Client Component SSR]
    ./app/dashboard/page.tsx [Client Component SSR]
    ./app/dashboard/page.tsx [Server Component] @ http://localhost:3000/_next/static/chunks/node_modules_next_dist_f3530cac._.js:3127
[  164480ms] [ERROR] ./app/dashboard/components/TopDescricoesChart.tsx:95:1
Parsing ecmascript source code failed
  93 |     </div>
  94 |   );
> 95 | }
     | ^
  96 |

Unexpected token. Did you mean `{'}'}` or `&rbrace;`?

Import traces:
  Client Component Browser:
    ./app/dashboard/components/TopDescricoesChart.tsx [Client Component Browser]
    ./app/dashboard/page.tsx [Client Component Browser]
    ./app/dashboard/page.tsx [Server Component]

  Client Component SSR:
    ./app/dashboard/components/TopDescricoesChart.tsx [Client Component SSR]
    ./app/dashboard/page.tsx [Client Component SSR]
    ./app/dashboard/page.tsx [Server Component] @ http://localhost:3000/_next/static/chunks/node_modules_next_dist_f3530cac._.js:3127
[  164561ms] [ERROR] ./app/dashboard/components/TopDescricoesChart.tsx:95:1
Parsing ecmascript source code failed
  93 |     </div>
  94 |   );
> 95 | }
     | ^
  96 |

Unexpected token. Did you mean `{'}'}` or `&rbrace;`?

Import traces:
  Client Component Browser:
    ./app/dashboard/components/TopDescricoesChart.tsx [Client Component Browser]
    ./app/dashboard/page.tsx [Client Component Browser]
    ./app/dashboard/page.tsx [Server Component]

  Client Component SSR:
    ./app/dashboard/components/TopDescricoesChart.tsx [Client Component SSR]
    ./app/dashboard/page.tsx [Client Component SSR]
    ./app/dashboard/page.tsx [Server Component] @ http://localhost:3000/_next/static/chunks/node_modules_next_dist_f3530cac._.js:3127
[  164623ms] [ERROR] ./app/dashboard/components/TopDescricoesChart.tsx:95:1
Parsing ecmascript source code failed
  93 |     </div>
  94 |   );
> 95 | }
     | ^
  96 |

Unexpected token. Did you mean `{'}'}` or `&rbrace;`?

Import traces:
  Client Component Browser:
    ./app/dashboard/components/TopDescricoesChart.tsx [Client Component Browser]
    ./app/dashboard/page.tsx [Client Component Browser]
    ./app/dashboard/page.tsx [Server Component]

  Client Component SSR:
    ./app/dashboard/components/TopDescricoesChart.tsx [Client Component SSR]
    ./app/dashboard/page.tsx [Client Component SSR]
    ./app/dashboard/page.tsx [Server Component] @ http://localhost:3000/_next/static/chunks/node_modules_next_dist_f3530cac._.js:3127
[  164702ms] [ERROR] ./app/dashboard/components/TopDescricoesChart.tsx:95:1
Parsing ecmascript source code failed
  93 |     </div>
  94 |   );
> 95 | }
     | ^
  96 |

Unexpected token. Did you mean `{'}'}` or `&rbrace;`?

Import traces:
  Client Component Browser:
    ./app/dashboard/components/TopDescricoesChart.tsx [Client Component Browser]
    ./app/dashboard/page.tsx [Client Component Browser]
    ./app/dashboard/page.tsx [Server Component]

  Client Component SSR:
    ./app/dashboard/components/TopDescricoesChart.tsx [Client Component SSR]
    ./app/dashboard/page.tsx [Client Component SSR]
    ./app/dashboard/page.tsx [Server Component] @ http://localhost:3000/_next/static/chunks/node_modules_next_dist_f3530cac._.js:3127
[  164763ms] [ERROR] ./app/dashboard/components/TopDescricoesChart.tsx:95:1
Parsing ecmascript source code failed
  93 |     </div>
  94 |   );
> 95 | }
     | ^
  96 |

Unexpected token. Did you mean `{'}'}` or `&rbrace;`?

Import traces:
  Client Component Browser:
    ./app/dashboard/components/TopDescricoesChart.tsx [Client Component Browser]
    ./app/dashboard/page.tsx [Client Component Browser]
    ./app/dashboard/page.tsx [Server Component]

  Client Component SSR:
    ./app/dashboard/components/TopDescricoesChart.tsx [Client Component SSR]
    ./app/dashboard/page.tsx [Client Component SSR]
    ./app/dashboard/page.tsx [Server Component] @ http://localhost:3000/_next/static/chunks/node_modules_next_dist_f3530cac._.js:3127
[  164826ms] [ERROR] ./app/dashboard/components/TopDescricoesChart.tsx:95:1
Parsing ecmascript source code failed
  93 |     </div>
  94 |   );
> 95 | }
     | ^
  96 |

Unexpected token. Did you mean `{'}'}` or `&rbrace;`?

Import traces:
  Client Component Browser:
    ./app/dashboard/components/TopDescricoesChart.tsx [Client Component Browser]
    ./app/dashboard/page.tsx [Client Component Browser]
    ./app/dashboard/page.tsx [Server Component]

  Client Component SSR:
    ./app/dashboard/components/TopDescricoesChart.tsx [Client Component SSR]
    ./app/dashboard/page.tsx [Client Component SSR]
    ./app/dashboard/page.tsx [Server Component] @ http://localhost:3000/_next/static/chunks/node_modules_next_dist_f3530cac._.js:3127
[  164890ms] [ERROR] ./app/dashboard/components/TopDescricoesChart.tsx:95:1
Parsing ecmascript source code failed
  93 |     </div>
  94 |   );
> 95 | }
     | ^
  96 |

Unexpected token. Did you mean `{'}'}` or `&rbrace;`?

Import traces:
  Client Component Browser:
    ./app/dashboard/components/TopDescricoesChart.tsx [Client Component Browser]
    ./app/dashboard/page.tsx [Client Component Browser]
    ./app/dashboard/page.tsx [Server Component]

  Client Component SSR:
    ./app/dashboard/components/TopDescricoesChart.tsx [Client Component SSR]
    ./app/dashboard/page.tsx [Client Component SSR]
    ./app/dashboard/page.tsx [Server Component] @ http://localhost:3000/_next/static/chunks/node_modules_next_dist_f3530cac._.js:3127
[  164949ms] [ERROR] ./app/dashboard/components/TopDescricoesChart.tsx:95:1
Parsing ecmascript source code failed
  93 |     </div>
  94 |   );
> 95 | }
     | ^
  96 |

Unexpected token. Did you mean `{'}'}` or `&rbrace;`?

Import traces:
  Client Component Browser:
    ./app/dashboard/components/TopDescricoesChart.tsx [Client Component Browser]
    ./app/dashboard/page.tsx [Client Component Browser]
    ./app/dashboard/page.tsx [Server Component]

  Client Component SSR:
    ./app/dashboard/components/TopDescricoesChart.tsx [Client Component SSR]
    ./app/dashboard/page.tsx [Client Component SSR]
    ./app/dashboard/page.tsx [Server Component] @ http://localhost:3000/_next/static/chunks/node_modules_next_dist_f3530cac._.js:3127
[  165013ms] [ERROR] ./app/dashboard/components/TopDescricoesChart.tsx:95:1
Parsing ecmascript source code failed
  93 |     </div>
  94 |   );
> 95 | }
     | ^
  96 |

Unexpected token. Did you mean `{'}'}` or `&rbrace;`?

Import traces:
  Client Component Browser:
    ./app/dashboard/components/TopDescricoesChart.tsx [Client Component Browser]
    ./app/dashboard/page.tsx [Client Component Browser]
    ./app/dashboard/page.tsx [Server Component]

  Client Component SSR:
    ./app/dashboard/components/TopDescricoesChart.tsx [Client Component SSR]
    ./app/dashboard/page.tsx [Client Component SSR]
    ./app/dashboard/page.tsx [Server Component] @ http://localhost:3000/_next/static/chunks/node_modules_next_dist_f3530cac._.js:3127
[  165076ms] [ERROR] ./app/dashboard/components/TopDescricoesChart.tsx:95:1
Parsing ecmascript source code failed
  93 |     </div>
  94 |   );
> 95 | }
     | ^
  96 |

Unexpected token. Did you mean `{'}'}` or `&rbrace;`?

Import traces:
  Client Component Browser:
    ./app/dashboard/components/TopDescricoesChart.tsx [Client Component Browser]
    ./app/dashboard/page.tsx [Client Component Browser]
    ./app/dashboard/page.tsx [Server Component]

  Client Component SSR:
    ./app/dashboard/components/TopDescricoesChart.tsx [Client Component SSR]
    ./app/dashboard/page.tsx [Client Component SSR]
    ./app/dashboard/page.tsx [Server Component] @ http://localhost:3000/_next/static/chunks/node_modules_next_dist_f3530cac._.js:3127
[  165137ms] [ERROR] ./app/dashboard/components/TopDescricoesChart.tsx:95:1
Parsing ecmascript source code failed
  93 |     </div>
  94 |   );
> 95 | }
     | ^
  96 |

Unexpected token. Did you mean `{'}'}` or `&rbrace;`?

Import traces:
  Client Component Browser:
    ./app/dashboard/components/TopDescricoesChart.tsx [Client Component Browser]
    ./app/dashboard/page.tsx [Client Component Browser]
    ./app/dashboard/page.tsx [Server Component]

  Client Component SSR:
    ./app/dashboard/components/TopDescricoesChart.tsx [Client Component SSR]
    ./app/dashboard/page.tsx [Client Component SSR]
    ./app/dashboard/page.tsx [Server Component] @ http://localhost:3000/_next/static/chunks/node_modules_next_dist_f3530cac._.js:3127
[  165200ms] [ERROR] ./app/dashboard/components/TopDescricoesChart.tsx:95:1
Parsing ecmascript source code failed
  93 |     </div>
  94 |   );
> 95 | }
     | ^
  96 |

Unexpected token. Did you mean `{'}'}` or `&rbrace;`?

Import traces:
  Client Component Browser:
    ./app/dashboard/components/TopDescricoesChart.tsx [Client Component Browser]
    ./app/dashboard/page.tsx [Client Component Browser]
    ./app/dashboard/page.tsx [Server Component]

  Client Component SSR:
    ./app/dashboard/components/TopDescricoesChart.tsx [Client Component SSR]
    ./app/dashboard/page.tsx [Client Component SSR]
    ./app/dashboard/page.tsx [Server Component] @ http://localhost:3000/_next/static/chunks/node_modules_next_dist_f3530cac._.js:3127
[  165260ms] [ERROR] ./app/dashboard/components/TopDescricoesChart.tsx:95:1
Parsing ecmascript source code failed
  93 |     </div>
  94 |   );
> 95 | }
     | ^
  96 |

Unexpected token. Did you mean `{'}'}` or `&rbrace;`?

Import traces:
  Client Component Browser:
    ./app/dashboard/components/TopDescricoesChart.tsx [Client Component Browser]
    ./app/dashboard/page.tsx [Client Component Browser]
    ./app/dashboard/page.tsx [Server Component]

  Client Component SSR:
    ./app/dashboard/components/TopDescricoesChart.tsx [Client Component SSR]
    ./app/dashboard/page.tsx [Client Component SSR]
    ./app/dashboard/page.tsx [Server Component] @ http://localhost:3000/_next/static/chunks/node_modules_next_dist_f3530cac._.js:3127
[  165324ms] [ERROR] ./app/dashboard/components/TopDescricoesChart.tsx:95:1
Parsing ecmascript source code failed
  93 |     </div>
  94 |   );
> 95 | }
     | ^
  96 |

Unexpected token. Did you mean `{'}'}` or `&rbrace;`?

Import traces:
  Client Component Browser:
    ./app/dashboard/components/TopDescricoesChart.tsx [Client Component Browser]
    ./app/dashboard/page.tsx [Client Component Browser]
    ./app/dashboard/page.tsx [Server Component]

  Client Component SSR:
    ./app/dashboard/components/TopDescricoesChart.tsx [Client Component SSR]
    ./app/dashboard/page.tsx [Client Component SSR]
    ./app/dashboard/page.tsx [Server Component] @ http://localhost:3000/_next/static/chunks/node_modules_next_dist_f3530cac._.js:3127
[  165385ms] [ERROR] ./app/dashboard/components/TopDescricoesChart.tsx:95:1
Parsing ecmascript source code failed
  93 |     </div>
  94 |   );
> 95 | }
     | ^
  96 |

Unexpected token. Did you mean `{'}'}` or `&rbrace;`?

Import traces:
  Client Component Browser:
    ./app/dashboard/components/TopDescricoesChart.tsx [Client Component Browser]
    ./app/dashboard/page.tsx [Client Component Browser]
    ./app/dashboard/page.tsx [Server Component]

  Client Component SSR:
    ./app/dashboard/components/TopDescricoesChart.tsx [Client Component SSR]
    ./app/dashboard/page.tsx [Client Component SSR]
    ./app/dashboard/page.tsx [Server Component] @ http://localhost:3000/_next/static/chunks/node_modules_next_dist_f3530cac._.js:3127
[  165448ms] [ERROR] ./app/dashboard/components/TopDescricoesChart.tsx:95:1
Parsing ecmascript source code failed
  93 |     </div>
  94 |   );
> 95 | }
     | ^
  96 |

Unexpected token. Did you mean `{'}'}` or `&rbrace;`?

Import traces:
  Client Component Browser:
    ./app/dashboard/components/TopDescricoesChart.tsx [Client Component Browser]
    ./app/dashboard/page.tsx [Client Component Browser]
    ./app/dashboard/page.tsx [Server Component]

  Client Component SSR:
    ./app/dashboard/components/TopDescricoesChart.tsx [Client Component SSR]
    ./app/dashboard/page.tsx [Client Component SSR]
    ./app/dashboard/page.tsx [Server Component] @ http://localhost:3000/_next/static/chunks/node_modules_next_dist_f3530cac._.js:3127
[  165510ms] [ERROR] ./app/dashboard/components/TopDescricoesChart.tsx:95:1
Parsing ecmascript source code failed
  93 |     </div>
  94 |   );
> 95 | }
     | ^
  96 |

Unexpected token. Did you mean `{'}'}` or `&rbrace;`?

Import traces:
  Client Component Browser:
    ./app/dashboard/components/TopDescricoesChart.tsx [Client Component Browser]
    ./app/dashboard/page.tsx [Client Component Browser]
    ./app/dashboard/page.tsx [Server Component]

  Client Component SSR:
    ./app/dashboard/components/TopDescricoesChart.tsx [Client Component SSR]
    ./app/dashboard/page.tsx [Client Component SSR]
    ./app/dashboard/page.tsx [Server Component] @ http://localhost:3000/_next/static/chunks/node_modules_next_dist_f3530cac._.js:3127
[  165574ms] [ERROR] ./app/dashboard/components/TopDescricoesChart.tsx:95:1
Parsing ecmascript source code failed
  93 |     </div>
  94 |   );
> 95 | }
     | ^
  96 |

Unexpected token. Did you mean `{'}'}` or `&rbrace;`?

Import traces:
  Client Component Browser:
    ./app/dashboard/components/TopDescricoesChart.tsx [Client Component Browser]
    ./app/dashboard/page.tsx [Client Component Browser]
    ./app/dashboard/page.tsx [Server Component]

  Client Component SSR:
    ./app/dashboard/components/TopDescricoesChart.tsx [Client Component SSR]
    ./app/dashboard/page.tsx [Client Component SSR]
    ./app/dashboard/page.tsx [Server Component] @ http://localhost:3000/_next/static/chunks/node_modules_next_dist_f3530cac._.js:3127
[  165634ms] [ERROR] ./app/dashboard/components/TopDescricoesChart.tsx:95:1
Parsing ecmascript source code failed
  93 |     </div>
  94 |   );
> 95 | }
     | ^
  96 |

Unexpected token. Did you mean `{'}'}` or `&rbrace;`?

Import traces:
  Client Component Browser:
    ./app/dashboard/components/TopDescricoesChart.tsx [Client Component Browser]
    ./app/dashboard/page.tsx [Client Component Browser]
    ./app/dashboard/page.tsx [Server Component]

  Client Component SSR:
    ./app/dashboard/components/TopDescricoesChart.tsx [Client Component SSR]
    ./app/dashboard/page.tsx [Client Component SSR]
    ./app/dashboard/page.tsx [Server Component] @ http://localhost:3000/_next/static/chunks/node_modules_next_dist_f3530cac._.js:3127
[  165701ms] [ERROR] ./app/dashboard/components/TopDescricoesChart.tsx:95:1
Parsing ecmascript source code failed
  93 |     </div>
  94 |   );
> 95 | }
     | ^
  96 |

Unexpected token. Did you mean `{'}'}` or `&rbrace;`?

Import traces:
  Client Component Browser:
    ./app/dashboard/components/TopDescricoesChart.tsx [Client Component Browser]
    ./app/dashboard/page.tsx [Client Component Browser]
    ./app/dashboard/page.tsx [Server Component]

  Client Component SSR:
    ./app/dashboard/components/TopDescricoesChart.tsx [Client Component SSR]
    ./app/dashboard/page.tsx [Client Component SSR]
    ./app/dashboard/page.tsx [Server Component] @ http://localhost:3000/_next/static/chunks/node_modules_next_dist_f3530cac._.js:3127
[  165762ms] [ERROR] ./app/dashboard/components/TopDescricoesChart.tsx:95:1
Parsing ecmascript source code failed
  93 |     </div>
  94 |   );
> 95 | }
     | ^
  96 |

Unexpected token. Did you mean `{'}'}` or `&rbrace;`?

Import traces:
  Client Component Browser:
    ./app/dashboard/components/TopDescricoesChart.tsx [Client Component Browser]
    ./app/dashboard/page.tsx [Client Component Browser]
    ./app/dashboard/page.tsx [Server Component]

  Client Component SSR:
    ./app/dashboard/components/TopDescricoesChart.tsx [Client Component SSR]
    ./app/dashboard/page.tsx [Client Component SSR]
    ./app/dashboard/page.tsx [Server Component] @ http://localhost:3000/_next/static/chunks/node_modules_next_dist_f3530cac._.js:3127
[  165824ms] [ERROR] ./app/dashboard/components/TopDescricoesChart.tsx:95:1
Parsing ecmascript source code failed
  93 |     </div>
  94 |   );
> 95 | }
     | ^
  96 |

Unexpected token. Did you mean `{'}'}` or `&rbrace;`?

Import traces:
  Client Component Browser:
    ./app/dashboard/components/TopDescricoesChart.tsx [Client Component Browser]
    ./app/dashboard/page.tsx [Client Component Browser]
    ./app/dashboard/page.tsx [Server Component]

  Client Component SSR:
    ./app/dashboard/components/TopDescricoesChart.tsx [Client Component SSR]
    ./app/dashboard/page.tsx [Client Component SSR]
    ./app/dashboard/page.tsx [Server Component] @ http://localhost:3000/_next/static/chunks/node_modules_next_dist_f3530cac._.js:3127
[  165886ms] [ERROR] ./app/dashboard/components/TopDescricoesChart.tsx:95:1
Parsing ecmascript source code failed
  93 |     </div>
  94 |   );
> 95 | }
     | ^
  96 |

Unexpected token. Did you mean `{'}'}` or `&rbrace;`?

Import traces:
  Client Component Browser:
    ./app/dashboard/components/TopDescricoesChart.tsx [Client Component Browser]
    ./app/dashboard/page.tsx [Client Component Browser]
    ./app/dashboard/page.tsx [Server Component]

  Client Component SSR:
    ./app/dashboard/components/TopDescricoesChart.tsx [Client Component SSR]
    ./app/dashboard/page.tsx [Client Component SSR]
    ./app/dashboard/page.tsx [Server Component] @ http://localhost:3000/_next/static/chunks/node_modules_next_dist_f3530cac._.js:3127
[  165949ms] [ERROR] ./app/dashboard/components/TopDescricoesChart.tsx:95:1
Parsing ecmascript source code failed
  93 |     </div>
  94 |   );
> 95 | }
     | ^
  96 |

Unexpected token. Did you mean `{'}'}` or `&rbrace;`?

Import traces:
  Client Component Browser:
    ./app/dashboard/components/TopDescricoesChart.tsx [Client Component Browser]
    ./app/dashboard/page.tsx [Client Component Browser]
    ./app/dashboard/page.tsx [Server Component]

  Client Component SSR:
    ./app/dashboard/components/TopDescricoesChart.tsx [Client Component SSR]
    ./app/dashboard/page.tsx [Client Component SSR]
    ./app/dashboard/page.tsx [Server Component] @ http://localhost:3000/_next/static/chunks/node_modules_next_dist_f3530cac._.js:3127
[  166010ms] [ERROR] ./app/dashboard/components/TopDescricoesChart.tsx:95:1
Parsing ecmascript source code failed
  93 |     </div>
  94 |   );
> 95 | }
     | ^
  96 |

Unexpected token. Did you mean `{'}'}` or `&rbrace;`?

Import traces:
  Client Component Browser:
    ./app/dashboard/components/TopDescricoesChart.tsx [Client Component Browser]
    ./app/dashboard/page.tsx [Client Component Browser]
    ./app/dashboard/page.tsx [Server Component]

  Client Component SSR:
    ./app/dashboard/components/TopDescricoesChart.tsx [Client Component SSR]
    ./app/dashboard/page.tsx [Client Component SSR]
    ./app/dashboard/page.tsx [Server Component] @ http://localhost:3000/_next/static/chunks/node_modules_next_dist_f3530cac._.js:3127
[  166074ms] [ERROR] ./app/dashboard/components/TopDescricoesChart.tsx:95:1
Parsing ecmascript source code failed
  93 |     </div>
  94 |   );
> 95 | }
     | ^
  96 |

Unexpected token. Did you mean `{'}'}` or `&rbrace;`?

Import traces:
  Client Component Browser:
    ./app/dashboard/components/TopDescricoesChart.tsx [Client Component Browser]
    ./app/dashboard/page.tsx [Client Component Browser]
    ./app/dashboard/page.tsx [Server Component]

  Client Component SSR:
    ./app/dashboard/components/TopDescricoesChart.tsx [Client Component SSR]
    ./app/dashboard/page.tsx [Client Component SSR]
    ./app/dashboard/page.tsx [Server Component] @ http://localhost:3000/_next/static/chunks/node_modules_next_dist_f3530cac._.js:3127
[  166135ms] [ERROR] ./app/dashboard/components/TopDescricoesChart.tsx:95:1
Parsing ecmascript source code failed
  93 |     </div>
  94 |   );
> 95 | }
     | ^
  96 |

Unexpected token. Did you mean `{'}'}` or `&rbrace;`?

Import traces:
  Client Component Browser:
    ./app/dashboard/components/TopDescricoesChart.tsx [Client Component Browser]
    ./app/dashboard/page.tsx [Client Component Browser]
    ./app/dashboard/page.tsx [Server Component]

  Client Component SSR:
    ./app/dashboard/components/TopDescricoesChart.tsx [Client Component SSR]
    ./app/dashboard/page.tsx [Client Component SSR]
    ./app/dashboard/page.tsx [Server Component] @ http://localhost:3000/_next/static/chunks/node_modules_next_dist_f3530cac._.js:3127
[  166200ms] [ERROR] ./app/dashboard/components/TopDescricoesChart.tsx:95:1
Parsing ecmascript source code failed
  93 |     </div>
  94 |   );
> 95 | }
     | ^
  96 |

Unexpected token. Did you mean `{'}'}` or `&rbrace;`?

Import traces:
  Client Component Browser:
    ./app/dashboard/components/TopDescricoesChart.tsx [Client Component Browser]
    ./app/dashboard/page.tsx [Client Component Browser]
    ./app/dashboard/page.tsx [Server Component]

  Client Component SSR:
    ./app/dashboard/components/TopDescricoesChart.tsx [Client Component SSR]
    ./app/dashboard/page.tsx [Client Component SSR]
    ./app/dashboard/page.tsx [Server Component] @ http://localhost:3000/_next/static/chunks/node_modules_next_dist_f3530cac._.js:3127
[  166260ms] [ERROR] ./app/dashboard/components/TopDescricoesChart.tsx:95:1
Parsing ecmascript source code failed
  93 |     </div>
  94 |   );
> 95 | }
     | ^
  96 |

Unexpected token. Did you mean `{'}'}` or `&rbrace;`?

Import traces:
  Client Component Browser:
    ./app/dashboard/components/TopDescricoesChart.tsx [Client Component Browser]
    ./app/dashboard/page.tsx [Client Component Browser]
    ./app/dashboard/page.tsx [Server Component]

  Client Component SSR:
    ./app/dashboard/components/TopDescricoesChart.tsx [Client Component SSR]
    ./app/dashboard/page.tsx [Client Component SSR]
    ./app/dashboard/page.tsx [Server Component] @ http://localhost:3000/_next/static/chunks/node_modules_next_dist_f3530cac._.js:3127
[  166325ms] [ERROR] ./app/dashboard/components/TopDescricoesChart.tsx:95:1
Parsing ecmascript source code failed
  93 |     </div>
  94 |   );
> 95 | }
     | ^
  96 |

Unexpected token. Did you mean `{'}'}` or `&rbrace;`?

Import traces:
  Client Component Browser:
    ./app/dashboard/components/TopDescricoesChart.tsx [Client Component Browser]
    ./app/dashboard/page.tsx [Client Component Browser]
    ./app/dashboard/page.tsx [Server Component]

  Client Component SSR:
    ./app/dashboard/components/TopDescricoesChart.tsx [Client Component SSR]
    ./app/dashboard/page.tsx [Client Component SSR]
    ./app/dashboard/page.tsx [Server Component] @ http://localhost:3000/_next/static/chunks/node_modules_next_dist_f3530cac._.js:3127
[  166385ms] [ERROR] ./app/dashboard/components/TopDescricoesChart.tsx:95:1
Parsing ecmascript source code failed
  93 |     </div>
  94 |   );
> 95 | }
     | ^
  96 |

Unexpected token. Did you mean `{'}'}` or `&rbrace;`?

Import traces:
  Client Component Browser:
    ./app/dashboard/components/TopDescricoesChart.tsx [Client Component Browser]
    ./app/dashboard/page.tsx [Client Component Browser]
    ./app/dashboard/page.tsx [Server Component]

  Client Component SSR:
    ./app/dashboard/components/TopDescricoesChart.tsx [Client Component SSR]
    ./app/dashboard/page.tsx [Client Component SSR]
    ./app/dashboard/page.tsx [Server Component] @ http://localhost:3000/_next/static/chunks/node_modules_next_dist_f3530cac._.js:3127
[  166453ms] [ERROR] ./app/dashboard/components/TopDescricoesChart.tsx:95:1
Parsing ecmascript source code failed
  93 |     </div>
  94 |   );
> 95 | }
     | ^
  96 |

Unexpected token. Did you mean `{'}'}` or `&rbrace;`?

Import traces:
  Client Component Browser:
    ./app/dashboard/components/TopDescricoesChart.tsx [Client Component Browser]
    ./app/dashboard/page.tsx [Client Component Browser]
    ./app/dashboard/page.tsx [Server Component]

  Client Component SSR:
    ./app/dashboard/components/TopDescricoesChart.tsx [Client Component SSR]
    ./app/dashboard/page.tsx [Client Component SSR]
    ./app/dashboard/page.tsx [Server Component] @ http://localhost:3000/_next/static/chunks/node_modules_next_dist_f3530cac._.js:3127
[  166583ms] [LOG] [Fast Refresh] rebuilding @ http://localhost:3000/_next/static/chunks/node_modules_next_dist_f3530cac._.js:2297
[  167363ms] [LOG] [Fast Refresh] done in 387ms @ http://localhost:3000/_next/static/chunks/node_modules_next_dist_f3530cac._.js:2297
[  169978ms] [LOG] [Fast Refresh] rebuilding @ http://localhost:3000/_next/static/chunks/node_modules_next_dist_f3530cac._.js:2297
[  170304ms] [ERROR] ./app/dashboard/components/YearAccumulatedChart.tsx:151:1
Parsing ecmascript source code failed
  149 |     </div>
  150 |   );
> 151 | }
      | ^
  152 |

Unexpected token. Did you mean `{'}'}` or `&rbrace;`?

Import traces:
  Client Component Browser:
    ./app/dashboard/components/YearAccumulatedChart.tsx [Client Component Browser]
    ./app/dashboard/page.tsx [Client Component Browser]
    ./app/dashboard/page.tsx [Server Component]

  Client Component SSR:
    ./app/dashboard/components/YearAccumulatedChart.tsx [Client Component SSR]
    ./app/dashboard/page.tsx [Client Component SSR]
    ./app/dashboard/page.tsx [Server Component] @ http://localhost:3000/_next/static/chunks/node_modules_next_dist_f3530cac._.js:3127
[  170455ms] [ERROR] ./app/dashboard/components/YearAccumulatedChart.tsx:151:1
Parsing ecmascript source code failed
  149 |     </div>
  150 |   );
> 151 | }
      | ^
  152 |

Unexpected token. Did you mean `{'}'}` or `&rbrace;`?

Import traces:
  Client Component Browser:
    ./app/dashboard/components/YearAccumulatedChart.tsx [Client Component Browser]
    ./app/dashboard/page.tsx [Client Component Browser]
    ./app/dashboard/page.tsx [Server Component]

  Client Component SSR:
    ./app/dashboard/components/YearAccumulatedChart.tsx [Client Component SSR]
    ./app/dashboard/page.tsx [Client Component SSR]
    ./app/dashboard/page.tsx [Server Component] @ http://localhost:3000/_next/static/chunks/node_modules_next_dist_f3530cac._.js:3127
[  170463ms] [LOG] [Fast Refresh] rebuilding @ http://localhost:3000/_next/static/chunks/node_modules_next_dist_f3530cac._.js:2297
[  170556ms] [ERROR] ./app/dashboard/components/YearAccumulatedChart.tsx:151:1
Parsing ecmascript source code failed
  149 |     </div>
  150 |   );
> 151 | }
      | ^
  152 |

Unexpected token. Did you mean `{'}'}` or `&rbrace;`?

Import traces:
  Client Component Browser:
    ./app/dashboard/components/YearAccumulatedChart.tsx [Client Component Browser]
    ./app/dashboard/page.tsx [Client Component Browser]
    ./app/dashboard/page.tsx [Server Component]

  Client Component SSR:
    ./app/dashboard/components/YearAccumulatedChart.tsx [Client Component SSR]
    ./app/dashboard/page.tsx [Client Component SSR]
    ./app/dashboard/page.tsx [Server Component] @ http://localhost:3000/_next/static/chunks/node_modules_next_dist_f3530cac._.js:3127
[  170618ms] [ERROR] ./app/dashboard/components/YearAccumulatedChart.tsx:151:1
Parsing ecmascript source code failed
  149 |     </div>
  150 |   );
> 151 | }
      | ^
  152 |

Unexpected token. Did you mean `{'}'}` or `&rbrace;`?

Import traces:
  Client Component Browser:
    ./app/dashboard/components/YearAccumulatedChart.tsx [Client Component Browser]
    ./app/dashboard/page.tsx [Client Component Browser]
    ./app/dashboard/page.tsx [Server Component]

  Client Component SSR:
    ./app/dashboard/components/YearAccumulatedChart.tsx [Client Component SSR]
    ./app/dashboard/page.tsx [Client Component SSR]
    ./app/dashboard/page.tsx [Server Component] @ http://localhost:3000/_next/static/chunks/node_modules_next_dist_f3530cac._.js:3127
[  170685ms] [ERROR] ./app/dashboard/components/YearAccumulatedChart.tsx:151:1
Parsing ecmascript source code failed
  149 |     </div>
  150 |   );
> 151 | }
      | ^
  152 |

Unexpected token. Did you mean `{'}'}` or `&rbrace;`?

Import traces:
  Client Component Browser:
    ./app/dashboard/components/YearAccumulatedChart.tsx [Client Component Browser]
    ./app/dashboard/page.tsx [Client Component Browser]
    ./app/dashboard/page.tsx [Server Component]

  Client Component SSR:
    ./app/dashboard/components/YearAccumulatedChart.tsx [Client Component SSR]
    ./app/dashboard/page.tsx [Client Component SSR]
    ./app/dashboard/page.tsx [Server Component] @ http://localhost:3000/_next/static/chunks/node_modules_next_dist_f3530cac._.js:3127
[  170760ms] [ERROR] ./app/dashboard/components/YearAccumulatedChart.tsx:151:1
Parsing ecmascript source code failed
  149 |     </div>
  150 |   );
> 151 | }
      | ^
  152 |

Unexpected token. Did you mean `{'}'}` or `&rbrace;`?

Import traces:
  Client Component Browser:
    ./app/dashboard/components/YearAccumulatedChart.tsx [Client Component Browser]
    ./app/dashboard/page.tsx [Client Component Browser]
    ./app/dashboard/page.tsx [Server Component]

  Client Component SSR:
    ./app/dashboard/components/YearAccumulatedChart.tsx [Client Component SSR]
    ./app/dashboard/page.tsx [Client Component SSR]
    ./app/dashboard/page.tsx [Server Component] @ http://localhost:3000/_next/static/chunks/node_modules_next_dist_f3530cac._.js:3127
[  170822ms] [ERROR] ./app/dashboard/components/YearAccumulatedChart.tsx:151:1
Parsing ecmascript source code failed
  149 |     </div>
  150 |   );
> 151 | }
      | ^
  152 |

Unexpected token. Did you mean `{'}'}` or `&rbrace;`?

Import traces:
  Client Component Browser:
    ./app/dashboard/components/YearAccumulatedChart.tsx [Client Component Browser]
    ./app/dashboard/page.tsx [Client Component Browser]
    ./app/dashboard/page.tsx [Server Component]

  Client Component SSR:
    ./app/dashboard/components/YearAccumulatedChart.tsx [Client Component SSR]
    ./app/dashboard/page.tsx [Client Component SSR]
    ./app/dashboard/page.tsx [Server Component] @ http://localhost:3000/_next/static/chunks/node_modules_next_dist_f3530cac._.js:3127
[  170897ms] [ERROR] ./app/dashboard/components/YearAccumulatedChart.tsx:151:1
Parsing ecmascript source code failed
  149 |     </div>
  150 |   );
> 151 | }
      | ^
  152 |

Unexpected token. Did you mean `{'}'}` or `&rbrace;`?

Import traces:
  Client Component Browser:
    ./app/dashboard/components/YearAccumulatedChart.tsx [Client Component Browser]
    ./app/dashboard/page.tsx [Client Component Browser]
    ./app/dashboard/page.tsx [Server Component]

  Client Component SSR:
    ./app/dashboard/components/YearAccumulatedChart.tsx [Client Component SSR]
    ./app/dashboard/page.tsx [Client Component SSR]
    ./app/dashboard/page.tsx [Server Component] @ http://localhost:3000/_next/static/chunks/node_modules_next_dist_f3530cac._.js:3127
[  170945ms] [LOG] [Fast Refresh] rebuilding @ http://localhost:3000/_next/static/chunks/node_modules_next_dist_f3530cac._.js:2297
[  170959ms] [ERROR] ./app/dashboard/components/YearAccumulatedChart.tsx:151:1
Parsing ecmascript source code failed
  149 |     </div>
  150 |   );
> 151 | }
      | ^
  152 |

Unexpected token. Did you mean `{'}'}` or `&rbrace;`?

Import traces:
  Client Component Browser:
    ./app/dashboard/components/YearAccumulatedChart.tsx [Client Component Browser]
    ./app/dashboard/page.tsx [Client Component Browser]
    ./app/dashboard/page.tsx [Server Component]

  Client Component SSR:
    ./app/dashboard/components/YearAccumulatedChart.tsx [Client Component SSR]
    ./app/dashboard/page.tsx [Client Component SSR]
    ./app/dashboard/page.tsx [Server Component] @ http://localhost:3000/_next/static/chunks/node_modules_next_dist_f3530cac._.js:3127
[  171042ms] [ERROR] ./app/dashboard/components/YearAccumulatedChart.tsx:151:1
Parsing ecmascript source code failed
  149 |     </div>
  150 |   );
> 151 | }
      | ^
  152 |

Unexpected token. Did you mean `{'}'}` or `&rbrace;`?

Import traces:
  Client Component Browser:
    ./app/dashboard/components/YearAccumulatedChart.tsx [Client Component Browser]
    ./app/dashboard/page.tsx [Client Component Browser]
    ./app/dashboard/page.tsx [Server Component]

  Client Component SSR:
    ./app/dashboard/components/YearAccumulatedChart.tsx [Client Component SSR]
    ./app/dashboard/page.tsx [Client Component SSR]
    ./app/dashboard/page.tsx [Server Component] @ http://localhost:3000/_next/static/chunks/node_modules_next_dist_f3530cac._.js:3127
[  171101ms] [ERROR] ./app/dashboard/components/YearAccumulatedChart.tsx:151:1
Parsing ecmascript source code failed
  149 |     </div>
  150 |   );
> 151 | }
      | ^
  152 |

Unexpected token. Did you mean `{'}'}` or `&rbrace;`?

Import traces:
  Client Component Browser:
    ./app/dashboard/components/YearAccumulatedChart.tsx [Client Component Browser]
    ./app/dashboard/page.tsx [Client Component Browser]
    ./app/dashboard/page.tsx [Server Component]

  Client Component SSR:
    ./app/dashboard/components/YearAccumulatedChart.tsx [Client Component SSR]
    ./app/dashboard/page.tsx [Client Component SSR]
    ./app/dashboard/page.tsx [Server Component] @ http://localhost:3000/_next/static/chunks/node_modules_next_dist_f3530cac._.js:3127
[  171171ms] [ERROR] ./app/dashboard/components/YearAccumulatedChart.tsx:151:1
Parsing ecmascript source code failed
  149 |     </div>
  150 |   );
> 151 | }
      | ^
  152 |

Unexpected token. Did you mean `{'}'}` or `&rbrace;`?

Import traces:
  Client Component Browser:
    ./app/dashboard/components/YearAccumulatedChart.tsx [Client Component Browser]
    ./app/dashboard/page.tsx [Client Component Browser]
    ./app/dashboard/page.tsx [Server Component]

  Client Component SSR:
    ./app/dashboard/components/YearAccumulatedChart.tsx [Client Component SSR]
    ./app/dashboard/page.tsx [Client Component SSR]
    ./app/dashboard/page.tsx [Server Component] @ http://localhost:3000/_next/static/chunks/node_modules_next_dist_f3530cac._.js:3127
[  171238ms] [ERROR] ./app/dashboard/components/YearAccumulatedChart.tsx:151:1
Parsing ecmascript source code failed
  149 |     </div>
  150 |   );
> 151 | }
      | ^
  152 |

Unexpected token. Did you mean `{'}'}` or `&rbrace;`?

Import traces:
  Client Component Browser:
    ./app/dashboard/components/YearAccumulatedChart.tsx [Client Component Browser]
    ./app/dashboard/page.tsx [Client Component Browser]
    ./app/dashboard/page.tsx [Server Component]

  Client Component SSR:
    ./app/dashboard/components/YearAccumulatedChart.tsx [Client Component SSR]
    ./app/dashboard/page.tsx [Client Component SSR]
    ./app/dashboard/page.tsx [Server Component] @ http://localhost:3000/_next/static/chunks/node_modules_next_dist_f3530cac._.js:3127
[  171304ms] [ERROR] ./app/dashboard/components/YearAccumulatedChart.tsx:151:1
Parsing ecmascript source code failed
  149 |     </div>
  150 |   );
> 151 | }
      | ^
  152 |

Unexpected token. Did you mean `{'}'}` or `&rbrace;`?

Import traces:
  Client Component Browser:
    ./app/dashboard/components/YearAccumulatedChart.tsx [Client Component Browser]
    ./app/dashboard/page.tsx [Client Component Browser]
    ./app/dashboard/page.tsx [Server Component]

  Client Component SSR:
    ./app/dashboard/components/YearAccumulatedChart.tsx [Client Component SSR]
    ./app/dashboard/page.tsx [Client Component SSR]
    ./app/dashboard/page.tsx [Server Component] @ http://localhost:3000/_next/static/chunks/node_modules_next_dist_f3530cac._.js:3127
[  171370ms] [ERROR] ./app/dashboard/components/YearAccumulatedChart.tsx:151:1
Parsing ecmascript source code failed
  149 |     </div>
  150 |   );
> 151 | }
      | ^
  152 |

Unexpected token. Did you mean `{'}'}` or `&rbrace;`?

Import traces:
  Client Component Browser:
    ./app/dashboard/components/YearAccumulatedChart.tsx [Client Component Browser]
    ./app/dashboard/page.tsx [Client Component Browser]
    ./app/dashboard/page.tsx [Server Component]

  Client Component SSR:
    ./app/dashboard/components/YearAccumulatedChart.tsx [Client Component SSR]
    ./app/dashboard/page.tsx [Client Component SSR]
    ./app/dashboard/page.tsx [Server Component] @ http://localhost:3000/_next/static/chunks/node_modules_next_dist_f3530cac._.js:3127
[  171439ms] [ERROR] ./app/dashboard/components/YearAccumulatedChart.tsx:151:1
Parsing ecmascript source code failed
  149 |     </div>
  150 |   );
> 151 | }
      | ^
  152 |

Unexpected token. Did you mean `{'}'}` or `&rbrace;`?

Import traces:
  Client Component Browser:
    ./app/dashboard/components/YearAccumulatedChart.tsx [Client Component Browser]
    ./app/dashboard/page.tsx [Client Component Browser]
    ./app/dashboard/page.tsx [Server Component]

  Client Component SSR:
    ./app/dashboard/components/YearAccumulatedChart.tsx [Client Component SSR]
    ./app/dashboard/page.tsx [Client Component SSR]
    ./app/dashboard/page.tsx [Server Component] @ http://localhost:3000/_next/static/chunks/node_modules_next_dist_f3530cac._.js:3127
[  171499ms] [ERROR] ./app/dashboard/components/YearAccumulatedChart.tsx:151:1
Parsing ecmascript source code failed
  149 |     </div>
  150 |   );
> 151 | }
      | ^
  152 |

Unexpected token. Did you mean `{'}'}` or `&rbrace;`?

Import traces:
  Client Component Browser:
    ./app/dashboard/components/YearAccumulatedChart.tsx [Client Component Browser]
    ./app/dashboard/page.tsx [Client Component Browser]
    ./app/dashboard/page.tsx [Server Component]

  Client Component SSR:
    ./app/dashboard/components/YearAccumulatedChart.tsx [Client Component SSR]
    ./app/dashboard/page.tsx [Client Component SSR]
    ./app/dashboard/page.tsx [Server Component] @ http://localhost:3000/_next/static/chunks/node_modules_next_dist_f3530cac._.js:3127
[  171551ms] [ERROR] ./app/dashboard/components/YearAccumulatedChart.tsx:151:1
Parsing ecmascript source code failed
  149 |     </div>
  150 |   );
> 151 | }
      | ^
  152 |

Unexpected token. Did you mean `{'}'}` or `&rbrace;`?

Import traces:
  Client Component Browser:
    ./app/dashboard/components/YearAccumulatedChart.tsx [Client Component Browser]
    ./app/dashboard/page.tsx [Client Component Browser]
    ./app/dashboard/page.tsx [Server Component]

  Client Component SSR:
    ./app/dashboard/components/YearAccumulatedChart.tsx [Client Component SSR]
    ./app/dashboard/page.tsx [Client Component SSR]
    ./app/dashboard/page.tsx [Server Component] @ http://localhost:3000/_next/static/chunks/node_modules_next_dist_f3530cac._.js:3127
[  171608ms] [ERROR] ./app/dashboard/components/YearAccumulatedChart.tsx:151:1
Parsing ecmascript source code failed
  149 |     </div>
  150 |   );
> 151 | }
      | ^
  152 |

Unexpected token. Did you mean `{'}'}` or `&rbrace;`?

Import traces:
  Client Component Browser:
    ./app/dashboard/components/YearAccumulatedChart.tsx [Client Component Browser]
    ./app/dashboard/page.tsx [Client Component Browser]
    ./app/dashboard/page.tsx [Server Component]

  Client Component SSR:
    ./app/dashboard/components/YearAccumulatedChart.tsx [Client Component SSR]
    ./app/dashboard/page.tsx [Client Component SSR]
    ./app/dashboard/page.tsx [Server Component] @ http://localhost:3000/_next/static/chunks/node_modules_next_dist_f3530cac._.js:3127
[  171669ms] [ERROR] ./app/dashboard/components/YearAccumulatedChart.tsx:151:1
Parsing ecmascript source code failed
  149 |     </div>
  150 |   );
> 151 | }
      | ^
  152 |

Unexpected token. Did you mean `{'}'}` or `&rbrace;`?

Import traces:
  Client Component Browser:
    ./app/dashboard/components/YearAccumulatedChart.tsx [Client Component Browser]
    ./app/dashboard/page.tsx [Client Component Browser]
    ./app/dashboard/page.tsx [Server Component]

  Client Component SSR:
    ./app/dashboard/components/YearAccumulatedChart.tsx [Client Component SSR]
    ./app/dashboard/page.tsx [Client Component SSR]
    ./app/dashboard/page.tsx [Server Component] @ http://localhost:3000/_next/static/chunks/node_modules_next_dist_f3530cac._.js:3127
[  171721ms] [ERROR] ./app/dashboard/components/YearAccumulatedChart.tsx:151:1
Parsing ecmascript source code failed
  149 |     </div>
  150 |   );
> 151 | }
      | ^
  152 |

Unexpected token. Did you mean `{'}'}` or `&rbrace;`?

Import traces:
  Client Component Browser:
    ./app/dashboard/components/YearAccumulatedChart.tsx [Client Component Browser]
    ./app/dashboard/page.tsx [Client Component Browser]
    ./app/dashboard/page.tsx [Server Component]

  Client Component SSR:
    ./app/dashboard/components/YearAccumulatedChart.tsx [Client Component SSR]
    ./app/dashboard/page.tsx [Client Component SSR]
    ./app/dashboard/page.tsx [Server Component] @ http://localhost:3000/_next/static/chunks/node_modules_next_dist_f3530cac._.js:3127
[  171781ms] [ERROR] ./app/dashboard/components/YearAccumulatedChart.tsx:151:1
Parsing ecmascript source code failed
  149 |     </div>
  150 |   );
> 151 | }
      | ^
  152 |

Unexpected token. Did you mean `{'}'}` or `&rbrace;`?

Import traces:
  Client Component Browser:
    ./app/dashboard/components/YearAccumulatedChart.tsx [Client Component Browser]
    ./app/dashboard/page.tsx [Client Component Browser]
    ./app/dashboard/page.tsx [Server Component]

  Client Component SSR:
    ./app/dashboard/components/YearAccumulatedChart.tsx [Client Component SSR]
    ./app/dashboard/page.tsx [Client Component SSR]
    ./app/dashboard/page.tsx [Server Component] @ http://localhost:3000/_next/static/chunks/node_modules_next_dist_f3530cac._.js:3127
[  171834ms] [ERROR] ./app/dashboard/components/YearAccumulatedChart.tsx:151:1
Parsing ecmascript source code failed
  149 |     </div>
  150 |   );
> 151 | }
      | ^
  152 |

Unexpected token. Did you mean `{'}'}` or `&rbrace;`?

Import traces:
  Client Component Browser:
    ./app/dashboard/components/YearAccumulatedChart.tsx [Client Component Browser]
    ./app/dashboard/page.tsx [Client Component Browser]
    ./app/dashboard/page.tsx [Server Component]

  Client Component SSR:
    ./app/dashboard/components/YearAccumulatedChart.tsx [Client Component SSR]
    ./app/dashboard/page.tsx [Client Component SSR]
    ./app/dashboard/page.tsx [Server Component] @ http://localhost:3000/_next/static/chunks/node_modules_next_dist_f3530cac._.js:3127
[  171903ms] [ERROR] ./app/dashboard/components/YearAccumulatedChart.tsx:151:1
Parsing ecmascript source code failed
  149 |     </div>
  150 |   );
> 151 | }
      | ^
  152 |

Unexpected token. Did you mean `{'}'}` or `&rbrace;`?

Import traces:
  Client Component Browser:
    ./app/dashboard/components/YearAccumulatedChart.tsx [Client Component Browser]
    ./app/dashboard/page.tsx [Client Component Browser]
    ./app/dashboard/page.tsx [Server Component]

  Client Component SSR:
    ./app/dashboard/components/YearAccumulatedChart.tsx [Client Component SSR]
    ./app/dashboard/page.tsx [Client Component SSR]
    ./app/dashboard/page.tsx [Server Component] @ http://localhost:3000/_next/static/chunks/node_modules_next_dist_f3530cac._.js:3127
[  171952ms] [ERROR] ./app/dashboard/components/YearAccumulatedChart.tsx:151:1
Parsing ecmascript source code failed
  149 |     </div>
  150 |   );
> 151 | }
      | ^
  152 |

Unexpected token. Did you mean `{'}'}` or `&rbrace;`?

Import traces:
  Client Component Browser:
    ./app/dashboard/components/YearAccumulatedChart.tsx [Client Component Browser]
    ./app/dashboard/page.tsx [Client Component Browser]
    ./app/dashboard/page.tsx [Server Component]

  Client Component SSR:
    ./app/dashboard/components/YearAccumulatedChart.tsx [Client Component SSR]
    ./app/dashboard/page.tsx [Client Component SSR]
    ./app/dashboard/page.tsx [Server Component] @ http://localhost:3000/_next/static/chunks/node_modules_next_dist_f3530cac._.js:3127
[  172018ms] [ERROR] ./app/dashboard/components/YearAccumulatedChart.tsx:151:1
Parsing ecmascript source code failed
  149 |     </div>
  150 |   );
> 151 | }
      | ^
  152 |

Unexpected token. Did you mean `{'}'}` or `&rbrace;`?

Import traces:
  Client Component Browser:
    ./app/dashboard/components/YearAccumulatedChart.tsx [Client Component Browser]
    ./app/dashboard/page.tsx [Client Component Browser]
    ./app/dashboard/page.tsx [Server Component]

  Client Component SSR:
    ./app/dashboard/components/YearAccumulatedChart.tsx [Client Component SSR]
    ./app/dashboard/page.tsx [Client Component SSR]
    ./app/dashboard/page.tsx [Server Component] @ http://localhost:3000/_next/static/chunks/node_modules_next_dist_f3530cac._.js:3127
[  172082ms] [ERROR] ./app/dashboard/components/YearAccumulatedChart.tsx:151:1
Parsing ecmascript source code failed
  149 |     </div>
  150 |   );
> 151 | }
      | ^
  152 |

Unexpected token. Did you mean `{'}'}` or `&rbrace;`?

Import traces:
  Client Component Browser:
    ./app/dashboard/components/YearAccumulatedChart.tsx [Client Component Browser]
    ./app/dashboard/page.tsx [Client Component Browser]
    ./app/dashboard/page.tsx [Server Component]

  Client Component SSR:
    ./app/dashboard/components/YearAccumulatedChart.tsx [Client Component SSR]
    ./app/dashboard/page.tsx [Client Component SSR]
    ./app/dashboard/page.tsx [Server Component] @ http://localhost:3000/_next/static/chunks/node_modules_next_dist_f3530cac._.js:3127
[  172169ms] [ERROR] ./app/dashboard/components/YearAccumulatedChart.tsx:151:1
Parsing ecmascript source code failed
  149 |     </div>
  150 |   );
> 151 | }
      | ^
  152 |

Unexpected token. Did you mean `{'}'}` or `&rbrace;`?

Import traces:
  Client Component Browser:
    ./app/dashboard/components/YearAccumulatedChart.tsx [Client Component Browser]
    ./app/dashboard/page.tsx [Client Component Browser]
    ./app/dashboard/page.tsx [Server Component]

  Client Component SSR:
    ./app/dashboard/components/YearAccumulatedChart.tsx [Client Component SSR]
    ./app/dashboard/page.tsx [Client Component SSR]
    ./app/dashboard/page.tsx [Server Component] @ http://localhost:3000/_next/static/chunks/node_modules_next_dist_f3530cac._.js:3127
[  172234ms] [ERROR] ./app/dashboard/components/YearAccumulatedChart.tsx:151:1
Parsing ecmascript source code failed
  149 |     </div>
  150 |   );
> 151 | }
      | ^
  152 |

Unexpected token. Did you mean `{'}'}` or `&rbrace;`?

Import traces:
  Client Component Browser:
    ./app/dashboard/components/YearAccumulatedChart.tsx [Client Component Browser]
    ./app/dashboard/page.tsx [Client Component Browser]
    ./app/dashboard/page.tsx [Server Component]

  Client Component SSR:
    ./app/dashboard/components/YearAccumulatedChart.tsx [Client Component SSR]
    ./app/dashboard/page.tsx [Client Component SSR]
    ./app/dashboard/page.tsx [Server Component] @ http://localhost:3000/_next/static/chunks/node_modules_next_dist_f3530cac._.js:3127
[  172286ms] [ERROR] ./app/dashboard/components/YearAccumulatedChart.tsx:151:1
Parsing ecmascript source code failed
  149 |     </div>
  150 |   );
> 151 | }
      | ^
  152 |

Unexpected token. Did you mean `{'}'}` or `&rbrace;`?

Import traces:
  Client Component Browser:
    ./app/dashboard/components/YearAccumulatedChart.tsx [Client Component Browser]
    ./app/dashboard/page.tsx [Client Component Browser]
    ./app/dashboard/page.tsx [Server Component]

  Client Component SSR:
    ./app/dashboard/components/YearAccumulatedChart.tsx [Client Component SSR]
    ./app/dashboard/page.tsx [Client Component SSR]
    ./app/dashboard/page.tsx [Server Component] @ http://localhost:3000/_next/static/chunks/node_modules_next_dist_f3530cac._.js:3127
[  172352ms] [ERROR] ./app/dashboard/components/YearAccumulatedChart.tsx:151:1
Parsing ecmascript source code failed
  149 |     </div>
  150 |   );
> 151 | }
      | ^
  152 |

Unexpected token. Did you mean `{'}'}` or `&rbrace;`?

Import traces:
  Client Component Browser:
    ./app/dashboard/components/YearAccumulatedChart.tsx [Client Component Browser]
    ./app/dashboard/page.tsx [Client Component Browser]
    ./app/dashboard/page.tsx [Server Component]

  Client Component SSR:
    ./app/dashboard/components/YearAccumulatedChart.tsx [Client Component SSR]
    ./app/dashboard/page.tsx [Client Component SSR]
    ./app/dashboard/page.tsx [Server Component] @ http://localhost:3000/_next/static/chunks/node_modules_next_dist_f3530cac._.js:3127
[  172407ms] [ERROR] ./app/dashboard/components/YearAccumulatedChart.tsx:151:1
Parsing ecmascript source code failed
  149 |     </div>
  150 |   );
> 151 | }
      | ^
  152 |

Unexpected token. Did you mean `{'}'}` or `&rbrace;`?

Import traces:
  Client Component Browser:
    ./app/dashboard/components/YearAccumulatedChart.tsx [Client Component Browser]
    ./app/dashboard/page.tsx [Client Component Browser]
    ./app/dashboard/page.tsx [Server Component]

  Client Component SSR:
    ./app/dashboard/components/YearAccumulatedChart.tsx [Client Component SSR]
    ./app/dashboard/page.tsx [Client Component SSR]
    ./app/dashboard/page.tsx [Server Component] @ http://localhost:3000/_next/static/chunks/node_modules_next_dist_f3530cac._.js:3127
[  172457ms] [ERROR] ./app/dashboard/components/YearAccumulatedChart.tsx:151:1
Parsing ecmascript source code failed
  149 |     </div>
  150 |   );
> 151 | }
      | ^
  152 |

Unexpected token. Did you mean `{'}'}` or `&rbrace;`?

Import traces:
  Client Component Browser:
    ./app/dashboard/components/YearAccumulatedChart.tsx [Client Component Browser]
    ./app/dashboard/page.tsx [Client Component Browser]
    ./app/dashboard/page.tsx [Server Component]

  Client Component SSR:
    ./app/dashboard/components/YearAccumulatedChart.tsx [Client Component SSR]
    ./app/dashboard/page.tsx [Client Component SSR]
    ./app/dashboard/page.tsx [Server Component] @ http://localhost:3000/_next/static/chunks/node_modules_next_dist_f3530cac._.js:3127
[  172523ms] [ERROR] ./app/dashboard/components/YearAccumulatedChart.tsx:151:1
Parsing ecmascript source code failed
  149 |     </div>
  150 |   );
> 151 | }
      | ^
  152 |

Unexpected token. Did you mean `{'}'}` or `&rbrace;`?

Import traces:
  Client Component Browser:
    ./app/dashboard/components/YearAccumulatedChart.tsx [Client Component Browser]
    ./app/dashboard/page.tsx [Client Component Browser]
    ./app/dashboard/page.tsx [Server Component]

  Client Component SSR:
    ./app/dashboard/components/YearAccumulatedChart.tsx [Client Component SSR]
    ./app/dashboard/page.tsx [Client Component SSR]
    ./app/dashboard/page.tsx [Server Component] @ http://localhost:3000/_next/static/chunks/node_modules_next_dist_f3530cac._.js:3127
[  172585ms] [ERROR] ./app/dashboard/components/YearAccumulatedChart.tsx:151:1
Parsing ecmascript source code failed
  149 |     </div>
  150 |   );
> 151 | }
      | ^
  152 |

Unexpected token. Did you mean `{'}'}` or `&rbrace;`?

Import traces:
  Client Component Browser:
    ./app/dashboard/components/YearAccumulatedChart.tsx [Client Component Browser]
    ./app/dashboard/page.tsx [Client Component Browser]
    ./app/dashboard/page.tsx [Server Component]

  Client Component SSR:
    ./app/dashboard/components/YearAccumulatedChart.tsx [Client Component SSR]
    ./app/dashboard/page.tsx [Client Component SSR]
    ./app/dashboard/page.tsx [Server Component] @ http://localhost:3000/_next/static/chunks/node_modules_next_dist_f3530cac._.js:3127
[  172637ms] [ERROR] ./app/dashboard/components/YearAccumulatedChart.tsx:151:1
Parsing ecmascript source code failed
  149 |     </div>
  150 |   );
> 151 | }
      | ^
  152 |

Unexpected token. Did you mean `{'}'}` or `&rbrace;`?

Import traces:
  Client Component Browser:
    ./app/dashboard/components/YearAccumulatedChart.tsx [Client Component Browser]
    ./app/dashboard/page.tsx [Client Component Browser]
    ./app/dashboard/page.tsx [Server Component]

  Client Component SSR:
    ./app/dashboard/components/YearAccumulatedChart.tsx [Client Component SSR]
    ./app/dashboard/page.tsx [Client Component SSR]
    ./app/dashboard/page.tsx [Server Component] @ http://localhost:3000/_next/static/chunks/node_modules_next_dist_f3530cac._.js:3127
[  172699ms] [ERROR] ./app/dashboard/components/YearAccumulatedChart.tsx:151:1
Parsing ecmascript source code failed
  149 |     </div>
  150 |   );
> 151 | }
      | ^
  152 |

Unexpected token. Did you mean `{'}'}` or `&rbrace;`?

Import traces:
  Client Component Browser:
    ./app/dashboard/components/YearAccumulatedChart.tsx [Client Component Browser]
    ./app/dashboard/page.tsx [Client Component Browser]
    ./app/dashboard/page.tsx [Server Component]

  Client Component SSR:
    ./app/dashboard/components/YearAccumulatedChart.tsx [Client Component SSR]
    ./app/dashboard/page.tsx [Client Component SSR]
    ./app/dashboard/page.tsx [Server Component] @ http://localhost:3000/_next/static/chunks/node_modules_next_dist_f3530cac._.js:3127
[  172754ms] [ERROR] ./app/dashboard/components/YearAccumulatedChart.tsx:151:1
Parsing ecmascript source code failed
  149 |     </div>
  150 |   );
> 151 | }
      | ^
  152 |

Unexpected token. Did you mean `{'}'}` or `&rbrace;`?

Import traces:
  Client Component Browser:
    ./app/dashboard/components/YearAccumulatedChart.tsx [Client Component Browser]
    ./app/dashboard/page.tsx [Client Component Browser]
    ./app/dashboard/page.tsx [Server Component]

  Client Component SSR:
    ./app/dashboard/components/YearAccumulatedChart.tsx [Client Component SSR]
    ./app/dashboard/page.tsx [Client Component SSR]
    ./app/dashboard/page.tsx [Server Component] @ http://localhost:3000/_next/static/chunks/node_modules_next_dist_f3530cac._.js:3127
[  172817ms] [ERROR] ./app/dashboard/components/YearAccumulatedChart.tsx:151:1
Parsing ecmascript source code failed
  149 |     </div>
  150 |   );
> 151 | }
      | ^
  152 |

Unexpected token. Did you mean `{'}'}` or `&rbrace;`?

Import traces:
  Client Component Browser:
    ./app/dashboard/components/YearAccumulatedChart.tsx [Client Component Browser]
    ./app/dashboard/page.tsx [Client Component Browser]
    ./app/dashboard/page.tsx [Server Component]

  Client Component SSR:
    ./app/dashboard/components/YearAccumulatedChart.tsx [Client Component SSR]
    ./app/dashboard/page.tsx [Client Component SSR]
    ./app/dashboard/page.tsx [Server Component] @ http://localhost:3000/_next/static/chunks/node_modules_next_dist_f3530cac._.js:3127
[  172868ms] [ERROR] ./app/dashboard/components/YearAccumulatedChart.tsx:151:1
Parsing ecmascript source code failed
  149 |     </div>
  150 |   );
> 151 | }
      | ^
  152 |

Unexpected token. Did you mean `{'}'}` or `&rbrace;`?

Import traces:
  Client Component Browser:
    ./app/dashboard/components/YearAccumulatedChart.tsx [Client Component Browser]
    ./app/dashboard/page.tsx [Client Component Browser]
    ./app/dashboard/page.tsx [Server Component]

  Client Component SSR:
    ./app/dashboard/components/YearAccumulatedChart.tsx [Client Component SSR]
    ./app/dashboard/page.tsx [Client Component SSR]
    ./app/dashboard/page.tsx [Server Component] @ http://localhost:3000/_next/static/chunks/node_modules_next_dist_f3530cac._.js:3127
[  172934ms] [ERROR] ./app/dashboard/components/YearAccumulatedChart.tsx:151:1
Parsing ecmascript source code failed
  149 |     </div>
  150 |   );
> 151 | }
      | ^
  152 |

Unexpected token. Did you mean `{'}'}` or `&rbrace;`?

Import traces:
  Client Component Browser:
    ./app/dashboard/components/YearAccumulatedChart.tsx [Client Component Browser]
    ./app/dashboard/page.tsx [Client Component Browser]
    ./app/dashboard/page.tsx [Server Component]

  Client Component SSR:
    ./app/dashboard/components/YearAccumulatedChart.tsx [Client Component SSR]
    ./app/dashboard/page.tsx [Client Component SSR]
    ./app/dashboard/page.tsx [Server Component] @ http://localhost:3000/_next/static/chunks/node_modules_next_dist_f3530cac._.js:3127
[  172986ms] [ERROR] ./app/dashboard/components/YearAccumulatedChart.tsx:151:1
Parsing ecmascript source code failed
  149 |     </div>
  150 |   );
> 151 | }
      | ^
  152 |

Unexpected token. Did you mean `{'}'}` or `&rbrace;`?

Import traces:
  Client Component Browser:
    ./app/dashboard/components/YearAccumulatedChart.tsx [Client Component Browser]
    ./app/dashboard/page.tsx [Client Component Browser]
    ./app/dashboard/page.tsx [Server Component]

  Client Component SSR:
    ./app/dashboard/components/YearAccumulatedChart.tsx [Client Component SSR]
    ./app/dashboard/page.tsx [Client Component SSR]
    ./app/dashboard/page.tsx [Server Component] @ http://localhost:3000/_next/static/chunks/node_modules_next_dist_f3530cac._.js:3127
[  173040ms] [ERROR] ./app/dashboard/components/YearAccumulatedChart.tsx:151:1
Parsing ecmascript source code failed
  149 |     </div>
  150 |   );
> 151 | }
      | ^
  152 |

Unexpected token. Did you mean `{'}'}` or `&rbrace;`?

Import traces:
  Client Component Browser:
    ./app/dashboard/components/YearAccumulatedChart.tsx [Client Component Browser]
    ./app/dashboard/page.tsx [Client Component Browser]
    ./app/dashboard/page.tsx [Server Component]

  Client Component SSR:
    ./app/dashboard/components/YearAccumulatedChart.tsx [Client Component SSR]
    ./app/dashboard/page.tsx [Client Component SSR]
    ./app/dashboard/page.tsx [Server Component] @ http://localhost:3000/_next/static/chunks/node_modules_next_dist_f3530cac._.js:3127
[  173114ms] [ERROR] ./app/dashboard/components/YearAccumulatedChart.tsx:151:1
Parsing ecmascript source code failed
  149 |     </div>
  150 |   );
> 151 | }
      | ^
  152 |

Unexpected token. Did you mean `{'}'}` or `&rbrace;`?

Import traces:
  Client Component Browser:
    ./app/dashboard/components/YearAccumulatedChart.tsx [Client Component Browser]
    ./app/dashboard/page.tsx [Client Component Browser]
    ./app/dashboard/page.tsx [Server Component]

  Client Component SSR:
    ./app/dashboard/components/YearAccumulatedChart.tsx [Client Component SSR]
    ./app/dashboard/page.tsx [Client Component SSR]
    ./app/dashboard/page.tsx [Server Component] @ http://localhost:3000/_next/static/chunks/node_modules_next_dist_f3530cac._.js:3127
[  173217ms] [LOG] [Fast Refresh] rebuilding @ http://localhost:3000/_next/static/chunks/node_modules_next_dist_f3530cac._.js:2297
[  174477ms] [LOG] [Fast Refresh] done in 642ms @ http://localhost:3000/_next/static/chunks/node_modules_next_dist_f3530cac._.js:2297
